Season,Episode,Name,Rating,Story,Director,Writers,Stars
1,1,Pilot,8.1,"A pair of socially awkward theoretical physicists meet their new neighbor Penny, who is their polar opposite.",James Burrows,"Chuck Lorre, Bill Prady","Johnny Galecki, Jim Parsons, Kaley Cuoco"
1,2,The Big Bran Hypothesis,8.2,Penny is furious with Leonard and Sheldon when they sneak into her apartment and clean it while she is sleeping.,Mark Cendrowski,"Chuck Lorre, Bill Prady, Robert Cohen","Johnny Galecki, Jim Parsons, Kaley Cuoco"
1,3,The Fuzzy Boots Corollary,7.6,"Leonard gets upset when he discovers that Penny is seeing a new guy, so he tries to trick her into going on a date with him.",Mark Cendrowski,"Chuck Lorre, Bill Prady, Steven Molaro","Johnny Galecki, Jim Parsons, Kaley Cuoco"
1,4,The Luminous Fish Effect,8.0,Sheldon's mother is called to intervene when he delves into numerous obsessions after being fired for being disrespectful to his new boss.,Mark Cendrowski,"Chuck Lorre, Bill Prady, David Litt","Johnny Galecki, Jim Parsons, Kaley Cuoco"
1,5,The Hamburger Postulate,7.8,"Leslie seduces Leonard, but afterwards tells him that she is only interested in a one-night stand.",Andrew D. Weyman,"Chuck Lorre, Bill Prady, David Goetsch","Johnny Galecki, Jim Parsons, Kaley Cuoco"
1,6,The Middle Earth Paradigm,8.3,"The guys are invited to Penny's Halloween party, where Leonard has yet another run-in with Penny's ex-boyfriend Kurt.",Mark Cendrowski,"Chuck Lorre, Bill Prady, David Litt","Johnny Galecki, Jim Parsons, Kaley Cuoco"
1,7,The Dumpling Paradox,8.1,"When Howard hooks up with Penny's old friend, his absence in the gang causes problems for the rest of the guys.",Mark Cendrowski,"Chuck Lorre, Bill Prady, Lee Aronsohn","Johnny Galecki, Jim Parsons, Kaley Cuoco"
1,8,The Grasshopper Experiment,8.1,"When Raj's parents set him up on a blind date, he finds he can talk to women with the aid of alcohol.",Ted Wass,"Chuck Lorre, Bill Prady, Lee Aronsohn","Johnny Galecki, Jim Parsons, Kaley Cuoco"
1,9,The Cooper-Hofstadter Polarization,7.9,"Leonard and Sheldon's friendship is put to the test when Leonard wants to present a paper they co-authored at a physics convention, but Sheldon doesn't.",Joel Murray,"Chuck Lorre, Bill Prady, Lee Aronsohn","Johnny Galecki, Jim Parsons, Kaley Cuoco"
1,10,The Loobenfeld Decay,8.0,"Leonard lies to Penny so he and Sheldon can get out of watching her perform, but Sheldon believes that the lie has too many loose ends, so he comes up with a new, unnecessarily complex one to replace it.",Mark Cendrowski,"Chuck Lorre, Bill Prady, Lee Aronsohn","Johnny Galecki, Jim Parsons, Kaley Cuoco"
1,11,The Pancake Batter Anomaly,8.2,"When Sheldon gets sick, Leonard, Howard and Raj go AWOL, leaving a reluctant Penny to deal with him.",Mark Cendrowski,"Chuck Lorre, Bill Prady, Stephen Engel","Johnny Galecki, Jim Parsons, Kaley Cuoco"
1,12,The Jerusalem Duality,7.8,"Sheldon decides to give up his work and focus on other tasks when a 15-year-old prodigy joins the university, so the other guys come up with a plan to get rid of him.",Mark Cendrowski,"Chuck Lorre, Bill Prady, David Goetsch","Johnny Galecki, Jim Parsons, Kaley Cuoco"
1,13,The Bat Jar Conjecture,8.2,"Sheldon becomes so intent on demonstrating his intellectual superiority over the other guys that they kick him off the Physics Bowl team and replace him with his nemesis, Leslie.",Mark Cendrowski,"Chuck Lorre, Bill Prady, Robert Cohen","Johnny Galecki, Jim Parsons, Kaley Cuoco"
1,14,The Nerdvana Annihilation,8.0,"Penny gets mad at the guys when their full scale model of a time machine causes her to miss work, which prompts Leonard to give up all of his nerd memorabilia.",Mark Cendrowski,"Chuck Lorre, Bill Prady, Stephen Engel","Johnny Galecki, Jim Parsons, Kaley Cuoco"
1,15,The Pork Chop Indeterminacy,8.2,"Leonard, Howard and Raj fight over Sheldon's twin sister when she arrives in town. Raj takes part in a drug trial to suppress his selective mutism.",Mark Cendrowski,"Chuck Lorre, Bill Prady, Lee Aronsohn","Johnny Galecki, Jim Parsons, Kaley Cuoco"
1,16,The Peanut Reaction,8.3,"When Penny learns that Leonard has never had a birthday party, she and the rest of the guys plan a surprise party for him.",Mark Cendrowski,"Chuck Lorre, Bill Prady, David Goetsch","Johnny Galecki, Jim Parsons, Kaley Cuoco"
1,17,The Tangerine Factor,8.5,"After a bad breakup, Penny finally agrees to go out on a date with Leonard, however they both develop doubts and turn to Sheldon for advice.",Mark Cendrowski,"Chuck Lorre, Bill Prady, Lee Aronsohn","Johnny Galecki, Jim Parsons, Kaley Cuoco"
2,1,The Bad Fish Paradigm,8.2,"Leonard becomes concerned when his date with Penny ends abruptly and she starts blowing him off. When told the truth, Sheldon would rather move out than keep Penny's reasons a secret from Leonard.",Mark Cendrowski,"Chuck Lorre, Bill Prady, David Goetsch","Johnny Galecki, Jim Parsons, Kaley Cuoco"
2,2,The Codpiece Topology,8.0,Sheldon is annoyed when Leonard turns to Leslie for comfort after seeing Penny with another guy.,Mark Cendrowski,"Chuck Lorre, Bill Prady, Lee Aronsohn","Johnny Galecki, Jim Parsons, Kaley Cuoco"
2,3,The Barbarian Sublimation,8.7,"Sheldon introduces Penny to online gaming, however she refuses to quit after becoming addicted.",Mark Cendrowski,"Chuck Lorre, Bill Prady, Steven Molaro","Johnny Galecki, Jim Parsons, Kaley Cuoco"
2,4,The Griffin Equivalency,7.9,The guys struggle to cope with Raj's arrogance after he is featured in a People magazine article.,Mark Cendrowski,"Chuck Lorre, Bill Prady, Stephen Engel","Johnny Galecki, Jim Parsons, Kaley Cuoco"
2,5,The Euclid Alternative,8.3,"Sheldon annoys the gang when Leonard can't drive him to and from work, so they try to teach him how to drive.",Mark Cendrowski,"Chuck Lorre, Bill Prady, Lee Aronsohn","Johnny Galecki, Jim Parsons, Kaley Cuoco"
2,6,The Cooper-Nowitzki Theorem,8.2,"Sheldon is flattered when a graduate student takes a shine to him, however her extreme devotion becomes too much to handle.",Mark Cendrowski,"Chuck Lorre, Bill Prady, Tim Doyle","Johnny Galecki, Jim Parsons, Kaley Cuoco"
2,7,The Panty Piñata Polarization,8.6,"Penny plans revenge when Sheldon bans her from his and Leonard's apartment, while Howard and Raj use the latest technology to try to find the house being used in ""America's Next Top Model.""",Mark Cendrowski,"Chuck Lorre, Bill Prady, Jennifer Glickman","Johnny Galecki, Jim Parsons, Kaley Cuoco"
2,8,The Lizard-Spock Expansion,8.0,Leonard and Howard's friendship is jeopardised when Leonard steals a girl from Howard.,Mark Cendrowski,"Chuck Lorre, Bill Prady, David Goetsch","Johnny Galecki, Jim Parsons, Kaley Cuoco"
2,9,The White Asparagus Triangulation,8.1,"Sheldon believes that Leonard will wreck his relationship with Stephanie, so he decides to take matters into his own hands.",Mark Cendrowski,"Chuck Lorre, Bill Prady, Stephen Engel","Johnny Galecki, Jim Parsons, Kaley Cuoco"
2,10,The Vartabedian Conundrum,7.6,"Leonard tries to slow down his relationship with Stephanie when he realizes that they are living together, while Sheldon becomes convinced that he has an untraceable disease.",Mark Cendrowski,"Chuck Lorre, Bill Prady, Richard Rosenstock","Johnny Galecki, Jim Parsons, Kaley Cuoco"
2,11,The Bath Item Gift Hypothesis,9.1,"Leonard is disappointed when Penny develops an interest in an attractive physicist at the university. Meanwhile, Sheldon struggles to find an appropriate Christmas gift for Penny.",Mark Cendrowski,"Chuck Lorre, Bill Prady, Stephen Engel","Johnny Galecki, Jim Parsons, Kaley Cuoco"
2,12,The Killer Robot Instability,7.8,"Howard becomes depressed after Penny makes a cruel statement about his love life, while the rest of the guys prepare for a grudge killer robot duel against an obnoxious colleague at the university.",Mark Cendrowski,"Chuck Lorre, Bill Prady, Steven Molaro","Johnny Galecki, Jim Parsons, Kaley Cuoco"
2,13,The Friendship Algorithm,7.9,Sheldon tries to make friends with Kripke in the hope that it will get him access to a coveted computer at the university.,Mark Cendrowski,"Chuck Lorre, Bill Prady, Steven Molaro","Johnny Galecki, Jim Parsons, Kaley Cuoco"
2,14,The Financial Permeability,8.0,Leonard and Sheldon try to help out Penny when she can't afford to pay her rent.,Mark Cendrowski,"Chuck Lorre, Bill Prady, Richard Rosenstock","Johnny Galecki, Jim Parsons, Kaley Cuoco"
2,15,The Maternal Capacitance,8.8,"Sheldon hits it off with Leonard's psychoanalyst mother, but she drives Leonard and Penny to the bottle.",Mark Cendrowski,"Chuck Lorre, Bill Prady, Richard Rosenstock","Johnny Galecki, Jim Parsons, Kaley Cuoco"
2,16,The Cushion Saturation,8.1,"Howard hooks up with Leslie, while Penny accidentally ruins Sheldon's spot on the couch.",Mark Cendrowski,"Chuck Lorre, Bill Prady, Lee Aronsohn","Johnny Galecki, Jim Parsons, Kaley Cuoco"
2,17,The Terminator Decoupling,8.0,"On a train to San Francisco, Howard, Raj and Leonard fight for the affections of sci-fi star Summer Glau, while Sheldon is forced to turn to Penny for help when he leaves his flash drive behind.",Mark Cendrowski,"Chuck Lorre, Bill Prady, Tim Doyle","Johnny Galecki, Jim Parsons, Kaley Cuoco"
2,18,The Work Song Nanocluster,8.1,Sheldon's assistance with Penny's home-based business leads to chaos.,Peter Chakos,"Chuck Lorre, Bill Prady, David Goetsch","Johnny Galecki, Jim Parsons, Kaley Cuoco"
2,19,The Dead Hooker Juxtaposition,8.1,Penny becomes jealous when a gorgeous new neighbor attracts the guys' attention.,Mark Cendrowski,"Chuck Lorre, Bill Prady, Steven Molaro","Johnny Galecki, Jim Parsons, Kaley Cuoco"
2,20,The Hofstadter Isotope,7.9,"Leonard is upset when the owner of the comic book store goes on a date with Penny, so he convinces Howard and Raj to take him to a bar so that he can pick up a woman of his own.",Mark Cendrowski,"Chuck Lorre, Bill Prady, David Goetsch","Johnny Galecki, Jim Parsons, Kaley Cuoco"
2,21,The Vegas Renormalization,8.5,"After being dumped by Leslie, Howard heads to Las Vegas with Leonard and Raj. Meanwhile, Penny is forced to take in Sheldon after he locks himself out of his apartment.",Mark Cendrowski,"Chuck Lorre, Bill Prady, Steven Molaro","Johnny Galecki, Jim Parsons, Kaley Cuoco"
2,22,The Classified Materials Turbulence,8.1,Penny's second date with Stuart has significant implications for Leonard. Howard enlists the guys' help with one of his NASA projects.,Mark Cendrowski,"Chuck Lorre, Bill Prady, Steven Molaro","Johnny Galecki, Jim Parsons, Kaley Cuoco"
2,23,The Monopolar Expedition,8.2,Penny gets upset when she finds out Leonard and the guys plan to work at the North Pole for the summer.,Mark Cendrowski,"Chuck Lorre, Bill Prady, Eric Kaplan","Johnny Galecki, Jim Parsons, Kaley Cuoco"
3,1,The Electric Can Opener Fluctuation,8.3,"After returning from the North Pole, a conflict among the guys sends Sheldon back to Texas and interferes with Leonard's reunion with Penny.",Mark Cendrowski,"Chuck Lorre, Bill Prady, Steven Molaro","Johnny Galecki, Jim Parsons, Kaley Cuoco"
3,2,The Jiminy Conjecture,7.7,Leonard and Penny's first night together goes awkwardly. Sheldon and Howard wager on the species of a cricket.,Mark Cendrowski,"Chuck Lorre, Bill Prady, Jim Reynolds","Johnny Galecki, Jim Parsons, Kaley Cuoco"
3,3,The Gothowitz Deviation,8.1,"Sheldon attempts to covertly alter Penny's habits, while Howard and Raj try their luck meeting women at a Goth-style club.",Mark Cendrowski,"Chuck Lorre, Bill Prady, Maria Ferrari","Johnny Galecki, Jim Parsons, Kaley Cuoco"
3,4,The Pirate Solution,8.0,"When Raj has to find a new job or be sent back to India, Sheldon's solution leaves Leonard and Penny dealing with Howard as the third wheel.",Mark Cendrowski,"Chuck Lorre, Bill Prady, Steve Holland","Johnny Galecki, Jim Parsons, Kaley Cuoco"
3,5,The Creepy Candy Coating Corollary,8.3,"Leonard is forced to ask Penny to set Howard up with one of her friends, while Sheldon seeks payback against sci-fi star Wil Wheaton.",Mark Cendrowski,"Chuck Lorre, Bill Prady, Lee Aronsohn","Johnny Galecki, Jim Parsons, Kaley Cuoco"
3,6,The Cornhusker Vortex,7.4,"Leonard tries to learn about football to fit in with Penny's friends. Meanwhile, a loss in a kite war threatens to end Raj and Howard's friendship.",Mark Cendrowski,"Chuck Lorre, Bill Prady, David Goetsch","Johnny Galecki, Jim Parsons, Kaley Cuoco"
3,7,The Guitarist Amplification,7.8,Sheldon is caught in the middle when Leonard and Penny argue about Penny's friend staying at her apartment.,Mark Cendrowski,"Chuck Lorre, Bill Prady, Richard Rosenstock","Johnny Galecki, Jim Parsons, Kaley Cuoco"
3,8,The Adhesive Duck Deficiency,8.9,"Penny is forced to turn to Sheldon for help when she dislocates her shoulder in the bathtub. Meanwhile, the rest of the guys accidentally get stoned in the desert while waiting for a meteor shower.",Mark Cendrowski,"Chuck Lorre, Bill Prady, Steven Molaro","Johnny Galecki, Jim Parsons, Kaley Cuoco"
3,9,The Vengeance Formulation,8.3,Sheldon plans revenge after Kripke humiliates him on the radio. Howard develops doubts about his relationship with Bernadette.,Mark Cendrowski,"Chuck Lorre, Bill Prady, Richard Rosenstock","Johnny Galecki, Jim Parsons, Kaley Cuoco"
3,10,The Gorilla Experiment,8.4,"Sheldon attempts to help Penny understand physics to impress Leonard, while Howard becomes jealous when Bernadette takes an interest in Leonard's research.",Mark Cendrowski,"Chuck Lorre, Bill Prady, Steven Molaro","Johnny Galecki, Jim Parsons, Kaley Cuoco"
3,11,The Maternal Congruence,8.2,Leonard's mother makes a visit to his dismay and Sheldon's delight.,Mark Cendrowski,"Chuck Lorre, Bill Prady, David Goetsch","Johnny Galecki, Jim Parsons, Kaley Cuoco"
3,12,The Psychic Vortex,8.2,Raj talks Sheldon into being his wingman at a university mixer. Leonard has trouble dealing with Penny consulting a psychic.,Mark Cendrowski,"Chuck Lorre, Bill Prady, Eric Kaplan","Johnny Galecki, Jim Parsons, Kaley Cuoco"
3,13,The Bozeman Reaction,8.0,"When their apartment is robbed, Leonard and Sheldon turn to Howard and Raj to create a state-of-the-art security system.",Mark Cendrowski,"Chuck Lorre, Bill Prady, Steven Molaro","Johnny Galecki, Jim Parsons, Kaley Cuoco"
3,14,The Einstein Approximation,8.4,Sheldon wreaks havoc when he is stumped by a difficult physics question.,Mark Cendrowski,"Chuck Lorre, Bill Prady, Steven Molaro","Johnny Galecki, Jim Parsons, Kaley Cuoco"
3,15,The Large Hadron Collision,8.0,"When Leonard is offered a trip to Switzerland on Valentine's Day to visit the CERN laboratory, Sheldon uses any and all means to be his guest instead of Penny.",Mark Cendrowski,"Chuck Lorre, Bill Prady, Lee Aronsohn","Johnny Galecki, Jim Parsons, Kaley Cuoco"
3,16,The Excelsior Acquisition,8.2,Sheldon misses an opportunity to get Stan Lee's autograph because he has to make an appearance in traffic court.,Peter Chakos,"Chuck Lorre, Bill Prady, Steve Holland","Johnny Galecki, Jim Parsons, Kaley Cuoco"
3,17,The Precious Fragmentation,8.4,"The guys' friendship is threatened when they find a ring from the ""Lord of the Rings"" trilogy.",Mark Cendrowski,"Chuck Lorre, Bill Prady, Steven Molaro","Johnny Galecki, Jim Parsons, Kaley Cuoco"
3,18,The Pants Alternative,8.4,Sheldon seeks help from the rest of the gang in overcoming his fear of public speaking when he receives an award.,Mark Cendrowski,"Chuck Lorre, Bill Prady, Eric Kaplan","Johnny Galecki, Jim Parsons, Kaley Cuoco"
3,19,The Wheaton Recurrence,7.8,Sheldon takes on Wil Wheaton in a game of bowling. Leonard and Penny's relationship comes to a crossroad.,Mark Cendrowski,"Chuck Lorre, Bill Prady, David Goetsch","Johnny Galecki, Jim Parsons, Kaley Cuoco"
3,20,The Spaghetti Catalyst,8.1,Sheldon is forced to go behind Leonard's back to spend time with Penny following their breakup.,Anthony Rich,"Chuck Lorre, Bill Prady, Lee Aronsohn","Johnny Galecki, Jim Parsons, Kaley Cuoco"
3,21,The Plimpton Stimulation,8.1,Chaos ensues when a nymphomaniac physicist visiting Sheldon hooks up with Leonard.,Mark Cendrowski,"Chuck Lorre, Bill Prady, Steven Molaro","Johnny Galecki, Jim Parsons, Kaley Cuoco"
3,22,The Staircase Implementation,9.0,Leonard tells Penny about how he and Sheldon became roommates and what happened to the elevator.,Mark Cendrowski,"Chuck Lorre, Bill Prady, David Goetsch","Johnny Galecki, Jim Parsons, Kaley Cuoco"
3,23,The Lunar Excitation,8.6,"Penny has a night of angry, drunken sex with Leonard, much to his confusion. Meanwhile, Howard and Raj search for Sheldon's perfect match online.",Peter Chakos,"Chuck Lorre, Bill Prady, Lee Aronsohn","Johnny Galecki, Jim Parsons, Kaley Cuoco"
4,1,The Robotic Manipulation,8.7,"Penny ends up tagging along on Sheldon's first ever date with Amy, while Howard finds an unusual use for a robotic arm.",Mark Cendrowski,"Chuck Lorre, Bill Prady, Steven Molaro","Johnny Galecki, Jim Parsons, Kaley Cuoco"
4,2,The Cruciferous Vegetable Amplification,8.3,"When Sheldon calculates the technology to download his consciousness into a robot won't be invented soon enough, he desperately tries to find a way to increase his lifespan.",Mark Cendrowski,"Chuck Lorre, Bill Prady, Steven Molaro","Johnny Galecki, Jim Parsons, Kaley Cuoco"
4,3,The Zazzy Substitution,7.9,"Following his 'breakup' with Amy, the gang become concerned with Sheldon's obsessive search for non-human companionship and call his mother to intervene.",Mark Cendrowski,"Chuck Lorre, Bill Prady, Lee Aronsohn","Johnny Galecki, Jim Parsons, Kaley Cuoco"
4,4,The Hot Troll Deviation,8.0,"Howard tries to get Penny's help in winning back Bernadette, but first has to confess the embarrassing reason why they broke up in the first place. Raj and Sheldon clash over a desk.",Mark Cendrowski,"Chuck Lorre, Bill Prady, Lee Aronsohn","Johnny Galecki, Jim Parsons, Kaley Cuoco"
4,5,The Desperation Emanation,7.6,"Sheldon is scared that he is in a relationship when Amy asks him to meet her mother, and Leonard asks Howard and Bernadette to set him up because he is the only person in the group without a girlfriend.",Mark Cendrowski,"Chuck Lorre, Bill Prady, Steven Molaro","Johnny Galecki, Jim Parsons, Kaley Cuoco"
4,6,The Irish Pub Formulation,8.0,"Leonard tries to keep everyone from finding out that he spent the night with Raj's sister, but Sheldon finds out and concocts an elaborate story to help him keep the secret from Raj.",Mark Cendrowski,"Chuck Lorre, Bill Prady, Eric Kaplan","Johnny Galecki, Jim Parsons, Kaley Cuoco"
4,7,The Apology Insufficiency,8.0,An FBI agent interviews the guys when Howard needs to obtain a security clearance.,Mark Cendrowski,"Chuck Lorre, Bill Prady, Steven Molaro","Johnny Galecki, Jim Parsons, Kaley Cuoco"
4,8,The 21-Second Excitation,8.1,"The guys camp out all night waiting to see an extended cut of Indiana Jones, while Amy joins in on girls' night with Penny and Bernadette.",Mark Cendrowski,"Chuck Lorre, Bill Prady, Lee Aronsohn","Johnny Galecki, Jim Parsons, Kaley Cuoco"
4,9,The Boyfriend Complexity,8.4,"Penny asks Leonard to pose as her boyfriend when her father visits. Howard, Raj and Bernadette have an awkward encounter when they spend the evening together.",Mark Cendrowski,"Chuck Lorre, Bill Prady, Steven Molaro","Johnny Galecki, Jim Parsons, Kaley Cuoco"
4,10,The Alien Parasite Hypothesis,7.6,"Amy discovers some unusual feelings and urges when she meets Penny's ex-boyfriend, Zack. Meanwhile, Howard and Raj argue over who would be a superhero and who would be their sidekick.",Mark Cendrowski,"Chuck Lorre, Bill Prady, Lee Aronsohn","Johnny Galecki, Jim Parsons, Kaley Cuoco"
4,11,The Justice League Recombination,8.6,The guys enter a costume contest as members of the Justice League and convince Penny and Zack to join them.,Mark Cendrowski,"Chuck Lorre, Bill Prady, Steven Molaro","Johnny Galecki, Jim Parsons, Kaley Cuoco"
4,12,The Bus Pants Utilization,7.5,"Leonard has an idea for a new smartphone app and asks the guys for help, however Sheldon tries to take over the project, and Leonard fires him.",Mark Cendrowski,"Chuck Lorre, Bill Prady, Steven Molaro","Johnny Galecki, Jim Parsons, Kaley Cuoco"
4,13,The Love Car Displacement,8.2,Chaos ensues when the gang spend the weekend together at a science convention.,Anthony Rich,"Chuck Lorre, Bill Prady, Lee Aronsohn","Johnny Galecki, Jim Parsons, Kaley Cuoco"
4,14,The Thespian Catalyst,7.7,"To improve his skills as an instructor, Sheldon asks Penny to give him acting lessons. Meanwhile, Raj begins having impure fantasies about Bernadette.",Mark Cendrowski,"Chuck Lorre, Bill Prady, Steven Molaro","Johnny Galecki, Jim Parsons, Kaley Cuoco"
4,15,The Benefactor Factor,7.7,"To secure needed funding for the university, Sheldon convinces Leonard to get friendly with a wealthy benefactor.",Mark Cendrowski,"Chuck Lorre, Bill Prady, Eric Kaplan","Johnny Galecki, Jim Parsons, Kaley Cuoco"
4,16,The Cohabitation Formulation,7.8,"Bernadette makes Howard choose between herself and his mother, while Penny and Raj become upset when Priya returns to town and resumes her relationship with Leonard.",Mark Cendrowski,"Chuck Lorre, Bill Prady, Steven Molaro","Johnny Galecki, Jim Parsons, Kaley Cuoco"
4,17,The Toast Derivation,7.9,Sheldon becomes concerned when everybody begins to hang out at Raj's apartment and discovers Leonard is the center of the group.,Mark Cendrowski,"Chuck Lorre, Bill Prady, Steven Molaro","Johnny Galecki, Jim Parsons, Kaley Cuoco"
4,18,The Prestidigitation Approximation,8.1,Priya forces Leonard to choose between a relationship with her or a friendship with Penny. A magic trick by Howard has Sheldon fooled.,Mark Cendrowski,"Chuck Lorre, Bill Prady, Steven Molaro","Johnny Galecki, Jim Parsons, Kaley Cuoco"
4,19,The Zarnecki Incursion,8.0,"The guys go all out to help Sheldon find the person responsible for hacking his online gaming account, while the girls' hatred for Priya increases.",Peter Chakos,"Chuck Lorre, Bill Prady, David Goetsch","Johnny Galecki, Jim Parsons, Kaley Cuoco"
4,20,The Herb Garden Germination,8.2,Sheldon and Amy secretly experiment on the gang by spreading rumors when they hear that Bernadette is thinking about breaking up with Howard.,Mark Cendrowski,"Chuck Lorre, Bill Prady, Steven Molaro","Johnny Galecki, Jim Parsons, Kaley Cuoco"
4,21,The Agreement Dissection,8.2,"When Priya finds a loophole in the roommate agreement to throw Sheldon out for the night, Penny, Amy and Bernadette take him to a nightclub.",Mark Cendrowski,"Chuck Lorre, Bill Prady, Steven Molaro","Johnny Galecki, Jim Parsons, Kaley Cuoco"
4,22,The Wildebeest Implementation,7.7,"Sheldon invents a three-player chess game, Penny and Amy use Bernadette to spy on Leonard and Priya, and Raj tries a new drug to treat his social anxiety.",Mark Cendrowski,"Chuck Lorre, Bill Prady, Eddie Gorodetsky","Johnny Galecki, Jim Parsons, Kaley Cuoco"
4,23,The Engagement Reaction,8.0,"Howard believes that his mom suffered a heart attack because he told her that he's marrying Bernadette, Sheldon freaks out over germs, and Penny and Priya compare notes on Leonard.",Howard Murray,"Chuck Lorre, Bill Prady, Steven Molaro","Johnny Galecki, Jim Parsons, Kaley Cuoco"
4,24,The Roommate Transmogrification,8.5,Raj moves in with Sheldon after hearing Leonard and Priya engage in a Star Trek fantasy in his apartment. Bernadette receives her doctorate.,Mark Cendrowski,"Chuck Lorre, Bill Prady, Eric Kaplan","Johnny Galecki, Jim Parsons, Kaley Cuoco"
5,1,The Skank Reflex Analysis,8.0,The gang deal with the fallout from Penny and Raj's night together.,Mark Cendrowski,"Chuck Lorre, Bill Prady, Steven Molaro","Johnny Galecki, Jim Parsons, Kaley Cuoco"
5,2,The Infestation Hypothesis,8.0,Amy gets inadvertently caught in the middle of a fight between Sheldon and Penny over a chair. Leonard tries to add some spice to his long-distance relationship with Priya.,Mark Cendrowski,"Chuck Lorre, Bill Prady, Jim Reynolds","Johnny Galecki, Jim Parsons, Kaley Cuoco"
5,3,The Pulled Groin Extrapolation,7.6,Leonard accompanies Amy to a colleague's wedding. Howard tries to convince Bernadette to live with his mother after they get married.,Mark Cendrowski,"Chuck Lorre, Bill Prady, Steven Molaro","Johnny Galecki, Jim Parsons, Kaley Cuoco"
5,4,The Wiggly Finger Catalyst,7.8,"Penny sets up Raj with a deaf friend, not knowing that she's actually a gold digger, and Sheldon decides to let his minor decisions rest on the roll of the dice.",Mark Cendrowski,"Chuck Lorre, Bill Prady, Steven Molaro","Johnny Galecki, Jim Parsons, Kaley Cuoco"
5,5,The Russian Rocket Reaction,8.0,"Sheldon takes offense when Leonard wants to attend a party with Wil Wheaton, while Bernadette tries to block Howard's opportunity to go into outer space.",Mark Cendrowski,"Chuck Lorre, Bill Prady, Eric Kaplan","Johnny Galecki, Jim Parsons, Kaley Cuoco"
5,6,The Rhinitis Revelation,7.5,Sheldon gets upset when his mother comes to visit but refuses to cook for him and attend physics lectures.,Howard Murray,"Chuck Lorre, Bill Prady, Steven Molaro","Johnny Galecki, Jim Parsons, Kaley Cuoco"
5,7,The Good Guy Fluctuation,8.5,Sheldon tries to get into the spirit of Halloween by trying to scare the guys after they prank him. Leonard seeks Penny's advice when an attractive comic book artist takes an interest in him.,Mark Cendrowski,"Chuck Lorre, Bill Prady, Steven Molaro","Johnny Galecki, Jim Parsons, Kaley Cuoco"
5,8,The Isolation Permutation,7.6,"Amy is hurt when Penny and Bernadette go bridesmaid dress shopping without her, so she turns to a reluctant Sheldon for comfort.",Mark Cendrowski,"Chuck Lorre, Bill Prady, Steven Molaro","Johnny Galecki, Jim Parsons, Kaley Cuoco"
5,9,The Ornithophobia Diffusion,8.1,"Sheldon tries to overcome his fear of birds, while Leonard and Penny attempt to hang out together strictly as friends.",Mark Cendrowski,"Chuck Lorre, Bill Prady, Steven Molaro","Johnny Galecki, Jim Parsons, Kaley Cuoco"
5,10,The Flaming Spittoon Acquisition,7.9,"When Stuart asks Amy on a date, Sheldon considers having a more serious relationship with her. Meanwhile, the guys become obsessed with a new card game involving Wild West heroes and witches.",Mark Cendrowski,"Chuck Lorre, Bill Prady, Jim Reynolds","Johnny Galecki, Jim Parsons, Kaley Cuoco"
5,11,The Speckerman Recurrence,7.3,"Leonard confronts the man who bullied him in high school, while Penny realizes she did her fair share of tormenting in the past.",Anthony Rich,"Chuck Lorre, Bill Prady, Steven Molaro","Johnny Galecki, Jim Parsons, Kaley Cuoco"
5,12,The Shiny Trinket Maneuver,7.6,Penny helps Sheldon work on his relationship with Amy when he trivializes one of her accomplishments. Howard is irked by Bernadette's dislike of children.,Mark Cendrowski,"Chuck Lorre, Bill Prady, Steven Molaro","Johnny Galecki, Jim Parsons, Kaley Cuoco"
5,13,The Recombination Hypothesis,8.1,Leonard and Penny contemplate reviving their romantic relationship.,Mark Cendrowski,"Chuck Lorre, Bill Prady, Steven Molaro","Johnny Galecki, Jim Parsons, Kaley Cuoco"
5,14,The Beta Test Initiation,8.2,Leonard and Penny develop a system to ensure their dates go smoothly. Raj finally finds a woman he can talk to - the virtual assistant on his mobile phone.,Mark Cendrowski,"Chuck Lorre, Bill Prady, David Goetsch","Johnny Galecki, Jim Parsons, Kaley Cuoco"
5,15,The Friendship Contraction,7.7,"Leonard signs out of his roommate agreement, reducing himself and Sheldon to mere acquaintances, while Howard tries to think of a cool astronaut nickname for himself.",Mark Cendrowski,"Chuck Lorre, Bill Prady, Steven Molaro","Johnny Galecki, Jim Parsons, Kaley Cuoco"
5,16,The Vacation Solution,7.5,"When the university forces Sheldon to use vacation days, he decides to hang out in Amy's lab. Howard becomes upset when he hears Bernadette wants him to sign a prenuptial agreement.",Mark Cendrowski,"Chuck Lorre, Bill Prady, Steven Molaro","Johnny Galecki, Jim Parsons, Kaley Cuoco"
5,17,The Rothman Disintegration,7.8,Sheldon battles Kripke for a coveted office at the university. Penny receives a very unusual gift from Amy.,Mark Cendrowski,"Chuck Lorre, Bill Prady, Steven Molaro","Johnny Galecki, Jim Parsons, Kaley Cuoco"
5,18,The Werewolf Transformation,8.2,"Sheldon wreaks havoc when he tries to get a haircut from his regular barber, who is ill. Howard runs into a few problems with astronaut training.",Mark Cendrowski,"Chuck Lorre, Bill Prady, Steven Molaro","Johnny Galecki, Jim Parsons, Kaley Cuoco"
5,19,The Weekend Vortex,8.1,Sheldon has to choose between joining Amy at her aunt's birthday party or playing videogames all weekend with the guys.,Mark Cendrowski,"Chuck Lorre, Bill Prady, Steven Molaro","Johnny Galecki, Jim Parsons, Simon Helberg"
5,20,The Transporter Malfunction,8.1,Raj gets quite a surprise when he asks his parents to set him up on a date. Penny buys Leonard and Sheldon a pair of Star Trek keepsake collectibles.,Mark Cendrowski,"Chuck Lorre, Bill Prady, Steven Molaro","Johnny Galecki, Jim Parsons, Kaley Cuoco"
5,21,The Hawking Excitation,8.5,"Sheldon uses any and all means to meet his hero, Dr. Stephen Hawking.",Mark Cendrowski,"Chuck Lorre, Bill Prady, Eric Kaplan","Johnny Galecki, Jim Parsons, Kaley Cuoco"
5,22,The Stag Convergence,7.7,"The guys throw Howard a bachelor party, and some embarrassing details about his life get posted on the Internet.",Peter Chakos,"Chuck Lorre, Bill Prady, Steven Molaro","Johnny Galecki, Jim Parsons, Kaley Cuoco"
5,23,The Launch Acceleration,8.1,"NASA cancel, and later reinstate Howard's mission into space, coinciding with his wedding. Leonard inadvertently jeopardizes his relationship with Penny.",Mark Cendrowski,"Chuck Lorre, Bill Prady, Steve Holland","Johnny Galecki, Jim Parsons, Kaley Cuoco"
5,24,The Countdown Reflection,8.5,"As Howard prepares for his mission into space, flashbacks show the recent events leading up to his and Bernadette's wedding.",Mark Cendrowski,"Chuck Lorre, Bill Prady, Steven Molaro","Johnny Galecki, Jim Parsons, Kaley Cuoco"
6,1,The Date Night Variable,7.6,Raj crashes Sheldon and Amy's second anniversary and interferes in Leonard and Penny's relationship. Howard gets caught in the middle of an argument between Bernadette and his mother.,Mark Cendrowski,"Chuck Lorre, Bill Prady, Steven Molaro","Johnny Galecki, Jim Parsons, Kaley Cuoco"
6,2,The Decoupling Fluctuation,7.6,"Penny continues to have doubts about her relationship with Leonard. Meanwhile, Howard becomes the target of practical jokes on the space station.",Mark Cendrowski,"Chuck Lorre, Bill Prady, Steven Molaro","Johnny Galecki, Jim Parsons, Kaley Cuoco"
6,3,The Higgs Boson Observation,7.9,"When Sheldon hires a female grad student to assist him, a jealous Amy asks Penny to help her spy on them. On the space station, Howard begins behaving erratically.",Mark Cendrowski,"Chuck Lorre, Bill Prady, Jim Reynolds","Johnny Galecki, Jim Parsons, Kaley Cuoco"
6,4,The Re-Entry Minimization,8.2,Howard is offended when his return from space is met with little fanfare. Penny and Amy take on Sheldon and Leonard during game night.,Mark Cendrowski,"Chuck Lorre, Bill Prady, Steven Molaro","Johnny Galecki, Jim Parsons, Kaley Cuoco"
6,5,The Holographic Excitation,8.0,"While Raj plans Stuart's Halloween party at the comic book store, Howard annoys the rest of the gang by constantly talking about space, and Penny tries to take more of an interest in Leonard's work.",Mark Cendrowski,"Chuck Lorre, Bill Prady, Steven Molaro","Johnny Galecki, Jim Parsons, Kaley Cuoco"
6,6,The Extract Obliteration,7.8,Penny enrolls in a college class and keeps it a secret from Leonard. Sheldon causes conflict with Dr. Stephen Hawking over an online game.,Mark Cendrowski,"Chuck Lorre, Bill Prady, Steven Molaro","Johnny Galecki, Jim Parsons, Kaley Cuoco"
6,7,The Habitation Configuration,7.6,"Howard makes a decision whether or not to move out of his mother's house, while Sheldon is caught in the middle of an argument between Amy and Wil Wheaton.",Mark Cendrowski,"Chuck Lorre, Bill Prady, Steven Molaro","Johnny Galecki, Jim Parsons, Kaley Cuoco"
6,8,The 43 Peculiarity,8.4,"Leonard feels threatened after hearing about Penny's study partner at school, while Howard and Raj become determined to find out one of Sheldon's secrets.",Mark Cendrowski,"Chuck Lorre, Bill Prady, Steven Molaro","Johnny Galecki, Jim Parsons, Kaley Cuoco"
6,9,The Parking Spot Escalation,8.2,The gang are drawn into a fight between Howard and Sheldon over Sheldon's vacant parking spot at the university.,Peter Chakos,"Chuck Lorre, Bill Prady, Steven Molaro","Johnny Galecki, Jim Parsons, Kaley Cuoco"
6,10,The Fish Guts Displacement,8.0,"Howard tries to bond with Bernadette's father during a fishing trip. When Sheldon is obligated to take care of a sick Amy, she finds ways to take advantage of the situation.",Mark Cendrowski,"Chuck Lorre, Bill Prady, Steven Molaro","Johnny Galecki, Jim Parsons, Kaley Cuoco"
6,11,The Santa Simulation,7.8,The girls take Raj out to a nightclub to find him a date. A game of Dungeons and Dragons rekindle old memories of Santa for Sheldon.,Mark Cendrowski,"Chuck Lorre, Bill Prady, Steven Molaro","Johnny Galecki, Jim Parsons, Kaley Cuoco"
6,12,The Egg Salad Equivalency,8.4,"When Penny finds out Alex has a crush on Leonard, Sheldon gets himself and the rest of the guys in trouble with Human Resources whilst trying to solve the problem.",Mark Cendrowski,"Chuck Lorre, Bill Prady, Steven Molaro","Johnny Galecki, Jim Parsons, Kaley Cuoco"
6,13,The Bakersfield Expedition,8.4,"The guys are stranded in the middle of nowhere when Leonard's car is stolen on the way to the Bakersfield Comic-Con. Back home, the girls try to figure out why the guys are so fascinated with comic books.",Mark Cendrowski,"Chuck Lorre, Bill Prady, Steven Molaro","Johnny Galecki, Jim Parsons, Kaley Cuoco"
6,14,The Cooper/Kripke Inversion,7.7,Sheldon is forced to work with Kripke on a project and must concoct an elaborate lie when he can't hold up his end of the work. Howard and Raj get superhero figurines made of themselves.,Mark Cendrowski,"Chuck Lorre, Bill Prady, Steven Molaro","Johnny Galecki, Jim Parsons, Kaley Cuoco"
6,15,The Spoiler Alert Segmentation,8.2,"Leonard moves in with Penny after a fight with Sheldon, which causes Amy to want to move in with Sheldon. Meanwhile, Raj has a frightening experience with Howard's mother.",Mark Cendrowski,"Chuck Lorre, Bill Prady, Steven Molaro","Johnny Galecki, Jim Parsons, Kaley Cuoco"
6,16,The Tangible Affection Proof,7.8,"Sheldon gets Alex to buy a Valentine's Day gift for Amy. Leonard, Penny, Howard and Bernadette have a disastrous dinner together. Raj and Stuart host a ""Lonely People"" party at the comic book store.",Mark Cendrowski,"Chuck Lorre, Bill Prady, Steven Molaro","Johnny Galecki, Jim Parsons, Kaley Cuoco"
6,17,The Monster Isolation,7.6,"Raj falls apart after his date sneaks out on him, and Sheldon reluctantly returns the favor after Penny helps him out with his ""Fun With Flags"" program.",Mark Cendrowski,"Chuck Lorre, Bill Prady, Steven Molaro","Johnny Galecki, Jim Parsons, Kaley Cuoco"
6,18,The Contractual Obligation Implementation,7.7,"Leonard, Sheldon and Howard give lectures on science to junior high students. The girls ditch work to go to Disneyland. Raj devises a date for Lucy that fixes their social anxiety problems.",Mark Cendrowski,"Chuck Lorre, Bill Prady, Steven Molaro","Johnny Galecki, Jim Parsons, Kaley Cuoco"
6,19,The Closet Reconfiguration,8.1,Howard becomes upset when Sheldon finds a letter from his estranged father whilst cleaning out his and Bernadette's closet.,Anthony Rich,"Chuck Lorre, Bill Prady, Steven Molaro","Johnny Galecki, Jim Parsons, Kaley Cuoco"
6,20,The Tenure Turbulence,8.0,"Leonard, Sheldon, Raj and Kripke battle for tenure at the university.",Mark Cendrowski,"Chuck Lorre, Bill Prady, Steve Holland","Johnny Galecki, Jim Parsons, Kaley Cuoco"
6,21,The Closure Alternative,8.0,Amy tries to help a depressed Sheldon find closure when one of his favorite TV shows is canceled. Raj becomes paranoid when he finds Lucy's blog.,Mark Cendrowski,"Chuck Lorre, Bill Prady, Steven Molaro","Johnny Galecki, Jim Parsons, Kaley Cuoco"
6,22,The Proton Resurgence,7.9,Bernadette and Howard offer to watch Raj's dog and live to regret it. Leonard and Sheldon hire their favorite childhood star to make an appearance.,Mark Cendrowski,"Chuck Lorre, Bill Prady, Steven Molaro","Johnny Galecki, Jim Parsons, Kaley Cuoco"
6,23,The Love Spell Potential,8.1,"A date between Raj and Lucy takes both of them out of their comfort zones. After a trip to Las Vegas goes awry, the girls join in on a Dungeons and Dragons game, which causes Amy and Sheldon to re-evaluate their relationship.",Anthony Rich,"Chuck Lorre, Bill Prady, Steven Molaro","Johnny Galecki, Jim Parsons, Kaley Cuoco"
6,24,The Bon Voyage Reaction,7.7,"Penny is thrown for a loop when Leonard is offered a job overseas, but the news is an even bigger shock to Sheldon. Raj and Lucy's relationship comes to a crossroad.",Mark Cendrowski,"Chuck Lorre, Bill Prady, Jim Reynolds","Johnny Galecki, Jim Parsons, Kaley Cuoco"
7,1,The Hofstadter Insufficiency,7.7,Sheldon and Penny bond over missing Leonard. Howard tries to help Raj get over his breakup with Lucy. Amy and Bernadette take a trip together to a biology convention.,Mark Cendrowski,"Chuck Lorre, Bill Prady, Eric Kaplan","Johnny Galecki, Jim Parsons, Kaley Cuoco"
7,2,The Deception Verification,7.9,Sheldon feels betrayed when Leonard returns from the North Sea and wants to spend his time with Penny instead of him. Howard's latest foray into helping his mother has some disastrous side effects.,Mark Cendrowski,"Chuck Lorre, Bill Prady, Steven Molaro","Johnny Galecki, Jim Parsons, Kaley Cuoco"
7,3,The Scavenger Vortex,8.7,The gang get competitive when they are forced to take part in Raj's scavenger hunt.,Mark Cendrowski,"Chuck Lorre, Bill Prady, Steven Molaro","Johnny Galecki, Jim Parsons, Kaley Cuoco"
7,4,The Raiders Minimization,7.8,"Sheldon gets mad at Amy for ruining one of his favorite movies, Raj and Stuart try to make their online dating profiles more appealing, and Leonard tries to play the sympathy card with Penny.",Mark Cendrowski,"Chuck Lorre, Bill Prady, Steven Molaro","Johnny Galecki, Jim Parsons, Kaley Cuoco"
7,5,The Workplace Proximity,7.6,"After a fight with Bernadette, Howard ends up on Raj's couch. Sheldon and Amy clash when Amy takes a job at the university.",Mark Cendrowski,"Chuck Lorre, Bill Prady, Eric Kaplan","Johnny Galecki, Jim Parsons, Kaley Cuoco"
7,6,The Romance Resonance,8.4,Howard plans something special to celebrate the anniversary of his first date with Bernadette. Sheldon is conflicted when he makes a major scientific breakthrough but some details have to be corrected.,Mark Cendrowski,"Chuck Lorre, Bill Prady, Steven Molaro","Johnny Galecki, Jim Parsons, Kaley Cuoco"
7,7,The Proton Displacement,7.7,"Sheldon seeks payback when Arthur ""Professor Proton"" Jeffries asks Leonard for help on a project instead of him. Raj gets upset at Howard for crashing his night with the girls.",Mark Cendrowski,"Chuck Lorre, Bill Prady, Steven Molaro","Johnny Galecki, Jim Parsons, Kaley Cuoco"
7,8,The Itchy Brain Simulation,7.5,"Sheldon demands Leonard make up for a mistake from their past. Penny confronts Raj's ex-girlfriend, Lucy.",Mark Cendrowski,"Chuck Lorre, Bill Prady, Eric Kaplan","Johnny Galecki, Jim Parsons, Kaley Cuoco"
7,9,The Thanksgiving Decoupling,8.8,"The gang spend Thanksgiving at Mrs. Wolowitz's house. Howard tries to bond with his father-in-law, and a mistake from Penny's past comes back to haunt her.",Mark Cendrowski,"Chuck Lorre, Bill Prady, Steven Molaro","Johnny Galecki, Jim Parsons, Kaley Cuoco"
7,10,The Discovery Dissipation,7.6,Leonard has to deal with the fallout of disproving Sheldon's new scientific discovery. Raj spends a week at Howard and Bernadette's apartment.,Mark Cendrowski,"Chuck Lorre, Bill Prady, Steven Molaro","Johnny Galecki, Jim Parsons, Kaley Cuoco"
7,11,The Cooper Extraction,8.1,"While Sheldon is at home in Texas, the rest of the gang decorate for Christmas and think about how much he has affected their lives.",Mark Cendrowski,"Chuck Lorre, Bill Prady, Jim Reynolds","Johnny Galecki, Jim Parsons, Kaley Cuoco"
7,12,The Hesitation Ramification,7.4,"After Leonard tries to help Penny following a failed role on a TV show, she makes an important decision. Meanwhile, Raj and Stuart try to practice their social skills, and Sheldon navigates the intricacies of being funny.",Mark Cendrowski,"Chuck Lorre, Bill Prady, Steven Molaro","Johnny Galecki, Jim Parsons, Kaley Cuoco"
7,13,The Occupation Recalibration,7.5,Sheldon tries to relax after he is forced to take a vacation. Leonard struggles to be supportive of Penny after she quits her job. Amy receives unwanted attention from a co-worker. Bernadette seeks Stuart's help in replacing one of Howard's comic books.,Mark Cendrowski,"Chuck Lorre, Bill Prady, Steven Molaro","Johnny Galecki, Jim Parsons, Kaley Cuoco"
7,14,The Convention Conundrum,8.0,"When the guys can't get hold of any Comic-Con tickets, Sheldon tries to hold his own convention and ends up spending a wild night with James Earl Jones. Meanwhile, the girls try to feel more mature by going to a fancy hotel for tea.",Mark Cendrowski,"Chuck Lorre, Bill Prady, Steven Molaro","Johnny Galecki, Jim Parsons, Kaley Cuoco"
7,15,The Locomotive Manipulation,8.2,Sheldon and Amy take a train ride to Napa Valley with Howard and Bernadette on Valentine's Day. Leonard and Penny take Raj's dog to the vet when she accidentally eats some chocolate.,Mark Cendrowski,"Chuck Lorre, Bill Prady, Steven Molaro","Johnny Galecki, Jim Parsons, Kaley Cuoco"
7,16,The Table Polarization,7.6,"Leonard's purchase of a dining room table causes Sheldon to reevaluate the changes in his life. Meanwhile, Howard is offered a chance to go back to space and Bernadette struggles with whether or not to encourage him.",Gay Linvill,"Chuck Lorre, Bill Prady, Jim Reynolds","Johnny Galecki, Jim Parsons, Kaley Cuoco"
7,17,The Friendship Turbulence,7.4,"After arguing with Sheldon, Howard tries to make amends by taking him to NASA headquarters in Houston. Penny has second thoughts about quitting her waitressing job when her car dies. Amy gets involved in trying to find Raj a date.",Mark Cendrowski,"Chuck Lorre, Bill Prady, Jim Reynolds","Johnny Galecki, Jim Parsons, Kaley Cuoco"
7,18,The Mommy Observation,7.4,"When Sheldon visits his mother in Houston, he is forced to confront a new reality. Back in Pasadena, the rest of the gang reluctantly take part in Raj's Murder Mystery party.",Mark Cendrowski,"Chuck Lorre, Bill Prady, Steven Molaro","Johnny Galecki, Jim Parsons, Kaley Cuoco"
7,19,The Indecision Amalgamation,8.1,"While Raj is wracked with guilt when he tries to date Lucy and Emily at the same time, Penny wrestles with whether to take a role in a cheesy movie and Sheldon is torn trying to choose between two gaming systems.",Anthony Rich,"Chuck Lorre, Bill Prady, Steven Molaro","Johnny Galecki, Jim Parsons, Kaley Cuoco"
7,20,The Relationship Diremption,8.0,"Penny tries to help Sheldon when he reconsiders his ""relationship"" with String Theory. During a dinner with Howard and Bernadette, Raj discovers Howard once embarrassed himself on a date with Emily.",Mark Cendrowski,"Chuck Lorre, Bill Prady, Eric Kaplan","Johnny Galecki, Jim Parsons, Kaley Cuoco"
7,21,The Anything Can Happen Recurrence,7.5,"When Sheldon tries to be spontaneous, it leads to unexpected friction between some of the gang. Meanwhile, Raj seeks Howard's help in preparing for a date with Emily.",Mark Cendrowski,"Chuck Lorre, Bill Prady, Jim Reynolds","Johnny Galecki, Jim Parsons, Kaley Cuoco"
7,22,The Proton Transmogrification,7.7,"As the gang celebrate Star Wars Day, Sheldon has difficulty dealing with the recent death of Arthur ""Professor Proton"" Jeffries.",Mark Cendrowski,"Chuck Lorre, Bill Prady, Steven Molaro","Johnny Galecki, Jim Parsons, Kaley Cuoco"
7,23,The Gorilla Dissolution,7.8,Penny gets fired from her movie and takes a serious look at her life. Raj sees Emily on a date with another man at the movies. Howard and Bernadette have to take care of his mother after she breaks her leg.,Peter Chakos,"Chuck Lorre, Bill Prady, Steven Molaro","Johnny Galecki, Jim Parsons, Kaley Cuoco"
7,24,The Status Quo Combustion,8.0,"Sheldon gets upset about his career, the destruction of the comic book store and Leonard and Penny's future living arrangements. Howard and Bernadette struggle to keep hold of a caregiver for Mrs. Wolowitz.",Mark Cendrowski,"Chuck Lorre, Bill Prady, Steven Molaro","Johnny Galecki, Jim Parsons, Kaley Cuoco"
8,1,The Locomotion Interruption,7.2,"Sheldon's trip comes to an end when he is robbed, Penny interviews for a job at Bernadette's company, and Howard is weirded out by his mother's relationship with Stuart.",Mark Cendrowski,"Chuck Lorre, Bill Prady, Steven Molaro","Johnny Galecki, Jim Parsons, Kaley Cuoco"
8,2,The Junior Professor Solution,7.5,"Sheldon is forced to teach a class as a Junior Professor. Meanwhile, Amy plays both sides when tension arises between Penny and Bernadette.",Mark Cendrowski,"Chuck Lorre, Bill Prady, Jim Reynolds","Johnny Galecki, Jim Parsons, Kaley Cuoco"
8,3,The First Pitch Insufficiency,7.0,"Howard becomes nervous after NASA asks him to throw out the first pitch at a Los Angeles Angels game. Meanwhile, Leonard and Penny try to prove Sheldon wrong when he says that he and Amy have a 'superior' relationship.",Mark Cendrowski,"Chuck Lorre, Bill Prady, Steven Molaro","Johnny Galecki, Jim Parsons, Kaley Cuoco"
8,4,The Hook-up Reverberation,7.2,"Raj's honesty about his past comes back to haunt him after Emily takes a dislike to Penny. Meanwhile, the guys consider investing in the comic book store.",Mark Cendrowski,"Chuck Lorre, Bill Prady, Steven Molaro","Johnny Galecki, Jim Parsons, Kaley Cuoco"
8,5,The Focus Attenuation,7.5,"The girls head to Las Vegas, while the guys try to invent something cool, but only come up with new ways to procrastinate.",Mark Cendrowski,"Chuck Lorre, Bill Prady, Steven Molaro","Johnny Galecki, Jim Parsons, Kaley Cuoco"
8,6,The Expedition Approximation,7.2,"Sheldon and Raj test whether they could survive a dark-matter research expedition in a salt mine by simulating the conditions in a steam tunnel. Meanwhile, Leonard and Penny seek advice from Howard and Bernadette when they argue about money.",Mark Cendrowski,"Chuck Lorre, Bill Prady, Jim Reynolds","Johnny Galecki, Jim Parsons, Kaley Cuoco"
8,7,The Misinterpretation Agitation,7.7,"The guys befriend one of Penny's clients when he shows up at her apartment. Meanwhile, Bernadette gets upset when Amy torpedoes an article about her for a local magazine.",Mark Cendrowski,"Chuck Lorre, Bill Prady, Steven Molaro","Johnny Galecki, Jim Parsons, Kaley Cuoco"
8,8,The Prom Equivalency,8.0,"The girls decide to re-enact their high school proms with the guys. While Sheldon feels under pressure to commit to his relationship with Amy, Howard worries about who Stuart will bring as his date.",Mark Cendrowski,"Chuck Lorre, Bill Prady, Steven Molaro","Johnny Galecki, Jim Parsons, Kaley Cuoco"
8,9,The Septum Deviation,7.5,Sheldon panics when Leonard announces he has to go into the hospital for surgery. Raj discovers his parents have divorced.,Anthony Rich,"Chuck Lorre, Bill Prady, Eric Kaplan","Johnny Galecki, Jim Parsons, Kaley Cuoco"
8,10,The Champagne Reflection,7.0,"While Sheldon retires ""Fun With Flags"", Leonard, Howard and Raj look for something significant in a dead professor's research, and Bernadette finds out what her colleagues really think of her.",Mark Cendrowski,"Chuck Lorre, Bill Prady, Jim Reynolds","Johnny Galecki, Jim Parsons, Kaley Cuoco"
8,11,The Clean Room Infiltration,7.4,"Amy hosts a traditional Victorian Christmas Eve dinner as Raj's father comes to visit, while the guys try to shoo out a bird they let into the university clean room.",Mark Cendrowski,"Chuck Lorre, Bill Prady, Eric Kaplan","Johnny Galecki, Jim Parsons, Kaley Cuoco"
8,12,The Space Probe Disintegration,7.2,"Raj worries a probe he designed will not work in outer space, while Leonard and Sheldon go shopping with Penny and Amy.",Mark Cendrowski,"Chuck Lorre, Bill Prady, Steven Molaro","Johnny Galecki, Jim Parsons, Kaley Cuoco"
8,13,The Anxiety Optimization,7.4,"When Sheldon becomes stuck in a rut with his work, the gang try to help him by raising his stress levels. Howard teases Raj with a game called ""Emily or Cinnamon.""",Mark Cendrowski,"Chuck Lorre, Bill Prady, Jim Reynolds","Johnny Galecki, Jim Parsons, Kaley Cuoco"
8,14,The Troll Manifestation,8.0,"Leonard and Sheldon defend themselves against criticism from an online bully, while the girls confront embarrassing moments from their pasts.",Mark Cendrowski,"Chuck Lorre, Bill Prady, Jim Reynolds","Johnny Galecki, Jim Parsons, Kaley Cuoco"
8,15,The Comic Book Store Regeneration,8.0,"Howard receives some shocking news as everyone prepares for the re-opening of the comic book store. Meanwhile, Penny tries to teach Sheldon how to ""let it go,"" but can't follow her own advice when she learns something infuriating about Amy.",Mark Cendrowski,"Chuck Lorre, Bill Prady, Steven Molaro","Johnny Galecki, Jim Parsons, Kaley Cuoco"
8,16,The Intimacy Acceleration,7.8,"Sheldon and Penny agree to participate in an unusual experiment. Leonard, Amy, Raj and Emily spend the evening trying to escape a room with a ""zombie"". Howard and Bernadette run into trouble at the airport after returning from Mrs. Wolowitz's funeral.",Mark Cendrowski,"Chuck Lorre, Bill Prady, Steven Molaro","Johnny Galecki, Jim Parsons, Kaley Cuoco"
8,17,The Colonization Application,7.5,"A trip to the pet store ends in a fight after Amy learns Sheldon has applied for a one-way mission to colonize Mars. Meanwhile, Leonard surprises Penny with a very ""adult"" purchase, and Raj gets into trouble when he snoops around Emily's apartment.",Mark Cendrowski,"Chuck Lorre, Bill Prady, Steven Molaro","Johnny Galecki, Jim Parsons, Kaley Cuoco"
8,18,The Leftover Thermalization,7.3,"Tension arises when a magazine fails to mention Leonard in an article about the paper he co-wrote with Sheldon, and a blackout at Mrs. Wolowitz's home leads to a final family dinner in her honor.",Mark Cendrowski,"Chuck Lorre, Bill Prady, Eric Kaplan","Johnny Galecki, Jim Parsons, Kaley Cuoco"
8,19,The Skywalker Incursion,7.5,"When Leonard and Sheldon are invited to speak at UC Berkeley, they take a detour to try and meet one of their idols. Meanwhile, while cleaning out Mrs. Wolowitz's house, a ping pong battle ensues when Howard and Bernadette argue over the fate of his TARDIS.",Mark Cendrowski,"Chuck Lorre, Bill Prady, Steven Molaro","Johnny Galecki, Jim Parsons, Kaley Cuoco"
8,20,The Fortification Implementation,7.5,Howard meets the half-brother he never knew he had. Penny is invited to appear on Wil Wheaton's podcast.,Mark Cendrowski,"Chuck Lorre, Bill Prady, Steven Molaro","Johnny Galecki, Jim Parsons, Kaley Cuoco"
8,21,The Communication Deterioration,7.0,"When Raj is asked to create a message on the off chance a NASA mission discovers alien life, the guys fight over what he should do, while Penny contemplates returning to acting.",Mark Cendrowski,"Chuck Lorre, Bill Prady, Steven Molaro","Johnny Galecki, Jim Parsons, Kaley Cuoco"
8,22,The Graduation Transmission,7.3,Howard questions his engineering abilities when he and Sheldon can't get a toy drone to fly. A cancelled flight nearly prevents Leonard from giving the commencement address at his former high school. Raj pits his parents against each other when his father cuts him off financially.,Anthony Rich,"Chuck Lorre, Bill Prady, Steven Molaro","Johnny Galecki, Jim Parsons, Kaley Cuoco"
8,23,The Maternal Combustion,7.5,Personalities collide when Leonard and Sheldon's mothers meet for the first time. Bernadette reaches her limit with Howard and Stuart.,Anthony Rich,"Chuck Lorre, Bill Prady, Jim Reynolds","Johnny Galecki, Jim Parsons, Kaley Cuoco"
8,24,The Commitment Determination,7.9,"As Sheldon presses Leonard and Penny to set a wedding date, he encounters major changes in his relationship with Amy. Meanwhile, Raj wonders if he should break up with Emily, and Howard and Bernadette struggle to ask Stuart to move out.",Mark Cendrowski,"Chuck Lorre, Bill Prady, Steven Molaro","Johnny Galecki, Jim Parsons, Kaley Cuoco"
9,1,The Matrimonial Momentum,6.8,"Penny struggles with Leonard's confession that he kissed another woman as they prepare to get married in Las Vegas. Meanwhile, Sheldon doesn't know what to do after Amy pushes pause on their relationship.",Mark Cendrowski,"Chuck Lorre, Bill Prady, Steven Molaro","Johnny Galecki, Jim Parsons, Kaley Cuoco"
9,2,The Separation Oscillation,7.3,"Leonard and Penny try to work through their marital issues. Meanwhile, Sheldon films a special episode of ""Fun with Flags"" after his breakup with Amy, and Bernadette feels guilty about withholding a secret from Penny.",Mark Cendrowski,"Chuck Lorre, Bill Prady, Jim Reynolds","Johnny Galecki, Jim Parsons, Kaley Cuoco"
9,3,The Bachelor Party Corrosion,7.7,The guys's skills are put to the test when they get a flat tire on the way to Mexico for Leonard's bachelor party. The girls throw Penny a mini-bachelorette party.,Mark Cendrowski,"Chuck Lorre, Bill Prady, Steven Molaro","Johnny Galecki, Jim Parsons, Kaley Cuoco"
9,4,The 2003 Approximation,7.4,"An impending change to his living arrangements inspires Sheldon to revert to 2003, before he met Penny and Leonard. Raj and Howard form a band for the comic book store.",Mark Cendrowski,"Chuck Lorre, Bill Prady, Steven Molaro","Johnny Galecki, Jim Parsons, Kaley Cuoco"
9,5,The Perspiration Implementation,7.4,"Kripke expresses interest in Amy while leading a fencing lesson for the guys. Meanwhile, Stuart seeks help from the girls in getting more women interested in the comic book store.",Mark Cendrowski,"Chuck Lorre, Bill Prady, Steven Molaro","Johnny Galecki, Jim Parsons, Kaley Cuoco"
9,6,The Helium Insufficiency,7.2,"Leonard and Sheldon go to great lengths to secure the helium they need during a nation-wide shortage. Meanwhile, the rest of the gang try to find Amy a new boyfriend on a dating app.",Mark Cendrowski,"Chuck Lorre, Bill Prady, Steven Molaro","Johnny Galecki, Jim Parsons, Kaley Cuoco"
9,7,The Spock Resonance,7.9,,Nikki Lorre,"Chuck Lorre, Bill Prady, Steven Molaro","Johnny Galecki, Jim Parsons, Kaley Cuoco"
9,8,The Mystery Date Observation,7.9,"Sheldon, Howard and Raj post an ad online to find a new girlfriend for Sheldon. Penny and Bernadette decide to spy when Amy is secretive about who she is dating.",Mark Cendrowski,"Chuck Lorre, Bill Prady, Steve Holland","Johnny Galecki, Jim Parsons, Kaley Cuoco"
9,9,The Platonic Permutation,7.8,"On Thanksgiving, Sheldon and Amy try to spend time together as friends and go to an aquarium, Howard reluctantly agrees to volunteer at the soup kitchen with Bernadette, Raj and Emily, and Penny discovers that Leonard knows more about her than she thought.",Mark Cendrowski,"Chuck Lorre, Bill Prady, Steve Holland","Johnny Galecki, Jim Parsons, Kaley Cuoco"
9,10,The Earworm Reverberation,8.3,"Sheldon has a revelation when he realizes why a song was stuck in his head. Meanwhile, Amy invites Dave over for dinner despite their previously awkward date, and Howard and Raj become obsessed with a fan of their band.",Mark Cendrowski,"Chuck Lorre, Bill Prady, Steven Molaro","Johnny Galecki, Jim Parsons, Kaley Cuoco"
9,11,The Opening Night Excitation,9.0,"Leonard, Howard and Raj have to decide who will take their extra Star Wars movie ticket, while Sheldon plans something special for Amy's birthday.",Mark Cendrowski,"Chuck Lorre, Bill Prady, Steve Holland","Johnny Galecki, Jim Parsons, Kaley Cuoco"
9,12,The Sales Call Sublimation,7.4,"Penny gets more than she bargained for when Leonard agrees to meet with a psychiatrist on her behalf to make a sale. Meanwhile, Sheldon and Raj collaborate on an astronomical discovery, and Howard and Bernadette's happiness is short-lived after Stuart moves out.",Mark Cendrowski,"Chuck Lorre, Bill Prady, Steven Molaro","Johnny Galecki, Jim Parsons, Kaley Cuoco"
9,13,The Empathy Optimization,7.4,"After being forced to deal with a sick Sheldon, the rest of the gang try to treat themselves to a Sheldon-free weekend.",Mark Cendrowski,"Chuck Lorre, Bill Prady, Steven Molaro","Johnny Galecki, Jim Parsons, Kaley Cuoco"
9,14,The Meemaw Materialization,7.5,"Sheldon is thrilled when his Meemaw comes to visit, but his excitement quickly fades when she butts heads with Amy. Meanwhile, Raj meets a girl at the comic book store who makes him question his relationship with Emily.",Mark Cendrowski,"Chuck Lorre, Bill Prady, Steven Molaro","Johnny Galecki, Jim Parsons, Kaley Cuoco"
9,15,The Valentino Submergence,7.5,"Sheldon and Amy host a Valentine's Day episode of ""Fun with Flags"", Leonard and Penny grapple with getting older, Howard and Bernadette find a surprise in their hot tub and Raj is torn between Emily and Claire.",Mark Cendrowski,"Chuck Lorre, Bill Prady, Steve Holland","Johnny Galecki, Jim Parsons, Kaley Cuoco"
9,16,The Positive Negative Reaction,7.4,Bernadette reveals her pregnancy to Howard and the rest of the gang.,Mark Cendrowski,"Chuck Lorre, Bill Prady, Steven Molaro","Johnny Galecki, Jim Parsons, Kaley Cuoco"
9,17,The Celebration Experimentation,7.5,The gang convince Sheldon to celebrate his birthday and throw him a party.,Mark Cendrowski,"Chuck Lorre, Bill Prady, Steven Molaro","Johnny Galecki, Jim Parsons, Kaley Cuoco"
9,18,The Application Deterioration,7.5,"Leonard, Sheldon, and Howard run into problems when they file for a patent for their infinite persistence gyroscope. Meanwhile, the girls give Raj dating advice when Emily reaches out to him after their breakup.",Mark Cendrowski,"Chuck Lorre, Bill Prady, Steve Holland","Johnny Galecki, Jim Parsons, Kaley Cuoco"
9,19,The Solder Excursion Diversion,7.4,"Amy is shocked at a revelation from Sheldon after she buys him a new laptop. Meanwhile, Raj sells out Leonard and Howard after they lie to Penny and Bernadette in order to attend an early screening of a movie.",Mark Cendrowski,"Chuck Lorre, Bill Prady, Steven Molaro","Johnny Galecki, Jim Parsons, Kaley Cuoco"
9,20,The Big Bear Precipitation,7.4,Secrets are revealed when Amy and Sheldon join Penny and Leonard on a weekend cabin trip. Raj is more excited about Howard's and Bernadette's impending parenthood than they are.,Mark Cendrowski,"Chuck Lorre, Bill Prady, Steven Molaro","Johnny Galecki, Jim Parsons, Kaley Cuoco"
9,21,The Viewing Party Combustion,7.4,"The gang pick sides when a small argument between Leonard and Sheldon erupts into a heated fight during a ""Game of Thrones"" viewing party.",Mark Cendrowski,"Chuck Lorre, Bill Prady, Steven Molaro","Johnny Galecki, Jim Parsons, Kaley Cuoco"
9,22,The Fermentation Bifurcation,7.4,"Sheldon and Bernadette spend the evening together while the rest of the gang go to a wine tasting party, but things get uncomfortable for Raj when Penny's ex-boyfriend Zack shows up and takes an interest in Claire.",Nikki Lorre,"Chuck Lorre, Bill Prady, Steve Holland","Johnny Galecki, Jim Parsons, Kaley Cuoco"
9,23,The Line Substitution Solution,7.4,"Sheldon hires Stuart to spend the day with Amy when he would rather go to the movies. Meanwhile, Penny struggles to make a connection with Leonard's mother when she comes to visit.",Anthony Rich,"Chuck Lorre, Bill Prady, Steven Molaro","Johnny Galecki, Jim Parsons, Kaley Cuoco"
9,24,The Convergence Convergence,7.8,"Leonard and Penny try to have a wedding ceremony that everyone can attend, but it creates serious conflict among Sheldon's mother and Leonard's divorced parents. Meanwhile, Howard and Raj become convinced the government is out to get them.",Mark Cendrowski,"Chuck Lorre, Bill Prady, Steve Holland","Johnny Galecki, Jim Parsons, Kaley Cuoco"
10,1,The Conjugal Conjecture,7.8,"As Leonard and Penny attempt to hold another wedding ceremony everyone can attend, they have to deal with Penny's family arriving and Leonard's father spending the night with Sheldon's mother.",Mark Cendrowski,"Chuck Lorre, Bill Prady, Steven Molaro","Johnny Galecki, Jim Parsons, Kaley Cuoco"
10,2,The Military Miniaturization,7.3,Howard is visited by an Air Force colonel regarding his invention. Penny accidentally lets it slip about Bernadette's pregnancy to their co-workers.,Mark Cendrowski,"Chuck Lorre, Bill Prady, Steven Molaro","Johnny Galecki, Jim Parsons, Kaley Cuoco"
10,3,The Dependence Transcendence,7.2,"Bernadette confesses to Raj that she isn't sure if she's ready to be a mother, Penny accompanies Amy to a university mixer, and Sheldon goes to unusual extremes to assist Howard with his military project.",Mark Cendrowski,"Chuck Lorre, Bill Prady, Steve Holland","Johnny Galecki, Jim Parsons, Kaley Cuoco"
10,4,The Cohabitation Experimentation,7.9,"When Amy must vacate her apartment for repairs, living arrangements are made with Leonard, Sheldon, and Penny. Howard and Bernadette don't want to know the sex of their baby, but Raj finds out.",Mark Cendrowski,"Chuck Lorre, Bill Prady, Steven Molaro","Johnny Galecki, Jim Parsons, Kaley Cuoco"
10,5,The Hot Tub Contamination,7.4,"Sheldon and Amy go through a period of adjustment with their new living arrangement. Howard and Bernadette are forced to vacation at home when she falls ill and keep it a secret, unaware Raj and Stuart planned to use their hot tub.",Mark Cendrowski,"Chuck Lorre, Bill Prady, Steve Holland","Johnny Galecki, Jim Parsons, Kaley Cuoco"
10,6,The Fetal Kick Catalyst,7.4,"Sheldon and Amy host a brunch. Penny is surprised by her popularity when her movie, ""Serial Ape-Ist"" is featured at a Van Nuys comic book convention. Howard starts to freak out about parenthood after feeling the baby kick for the first time.",Mark Cendrowski,"Chuck Lorre, Bill Prady, Steven Molaro","Johnny Galecki, Jim Parsons, Kaley Cuoco"
10,7,The Veracity Elasticity,7.9,Amy doesn't tell Sheldon her apartment has been repaired. Leonard finds out Penny is slowly moving all of his collectible toys into storage.,Mark Cendrowski,"Chuck Lorre, Bill Prady, Steve Holland","Johnny Galecki, Jim Parsons, Kaley Cuoco"
10,8,The Brain Bowl Incubation,8.0,"A successful gene experimentation leaves Sheldon excited to procreate with Amy, and he pulls out all stops to get her on board. Meanwhile, Raj takes an interest in the cleaning lady at the university.",Mark Cendrowski,"Chuck Lorre, Bill Prady, Steven Molaro","Johnny Galecki, Jim Parsons, Kaley Cuoco"
10,9,The Geology Elevation,7.4,Sheldon can't contain his jealousy when Bert wins a grant for his geology research. A distasteful toy built by Howard faces judgement from the gang.,Mark Cendrowski,"Chuck Lorre, Bill Prady, Steve Holland","Johnny Galecki, Jim Parsons, Kaley Cuoco"
10,10,The Property Division Collision,7.3,Dividing up their possessions becomes an all-out war between Leonard and Sheldon. Stuart asks to live with Howard and Bernadette and tries to supplant Raj's efforts to help with the new baby.,Mark Cendrowski,"Chuck Lorre, Bill Prady, Steven Molaro","Johnny Galecki, Jim Parsons, Kaley Cuoco"
10,11,The Birthday Synchronicity,7.5,Amy's desire to have an intimate night with Sheldon on her birthday is interrupted by Bernadette going into labor.,Nikki Lorre,"Chuck Lorre, Bill Prady, Steven Molaro","Johnny Galecki, Jim Parsons, Kaley Cuoco"
10,12,The Holiday Summation,7.3,"After spending the holidays apart, the gang get together to hear about Sheldon's and Amy's trip to Texas, Leonard's and Penny's Christmas tree adventure, and Howard's and Bernadette's first days as parents.",Mark Cendrowski,"Chuck Lorre, Bill Prady, Steve Holland","Johnny Galecki, Jim Parsons, Kaley Cuoco"
10,13,The Romance Recalibration,6.9,Leonard and Penny ask for Sheldon's and Amy's help on putting the romance back in their marriage. Howard and Raj go to extreme lengths to stop the floor in Halley's bedroom from making noise.,Mark Cendrowski,"Chuck Lorre, Bill Prady, Steven Molaro","Johnny Galecki, Jim Parsons, Kaley Cuoco"
10,14,The Emotion Detection Automation,7.2,Penny wants to help her brother get a job with her company. Sheldon learns of a machine that will help him understand human emotions. Raj reunites some of his old girlfriends to figure out why he is still single.,Mark Cendrowski,"Chuck Lorre, Bill Prady, Steve Holland","Johnny Galecki, Jim Parsons, Kaley Cuoco"
10,15,The Locomotion Reverberation,7.3,Leonard and Howard's attempt to keep Sheldon away from their Air Force project by sending him on a train trip backfires. Penny and Amy take Bernadette for her first night out since having the baby.,Mark Cendrowski,"Chuck Lorre, Bill Prady, Steven Molaro","Johnny Galecki, Jim Parsons, Kaley Cuoco"
10,16,The Allowance Evaporation,7.1,Sheldon and Amy have their first fight since moving in together. Meanwhile Raj is shocked at the reality of financial independence when he stops receiving support from his father.,Mark Cendrowski,"Chuck Lorre, Bill Prady, Steven Molaro","Johnny Galecki, Jim Parsons, Kaley Cuoco"
10,17,The Comic-Con Conundrum,7.4,The guys' annual trip to Comic Con is in doubt when Raj can't afford to go.,Mark Cendrowski,"Chuck Lorre, Bill Prady, Steven Molaro","Johnny Galecki, Jim Parsons, Kaley Cuoco"
10,18,The Escape Hatch Identification,7.1,"When the gang offer places for Raj to live, it creates unexpected conflict among everyone.",Mark Cendrowski,"Chuck Lorre, Bill Prady, Steve Holland","Johnny Galecki, Jim Parsons, Kaley Cuoco"
10,19,The Collaboration Fluctuation,7.1,"Leonard, Penny and Raj adjust to their new living arrangements; Sheldon expresses an interest in Amy's work.",Mark Cendrowski,"Chuck Lorre, Bill Prady, Steven Molaro","Johnny Galecki, Jim Parsons, Kaley Cuoco"
10,20,The Recollection Dissipation,7.2,"Sheldon reaches his limit when he works on projects with Leonard, Howard and Amy in one day. Bernadette has doubts about leaving Halley when she goes back to work.",Mark Cendrowski,"Chuck Lorre, Bill Prady, Steven Molaro","Johnny Galecki, Jim Parsons, Kaley Cuoco"
10,21,The Separation Agitation,7.2,Howard and Bernadette have a hard time leaving Halley in daycare when Bernadette returns to work. Bert introduces the gang to his new girlfriend.,Mark Cendrowski,"Chuck Lorre, Bill Prady, Steve Holland","Johnny Galecki, Jim Parsons, Kaley Cuoco"
10,22,The Cognition Regeneration,6.8,"Leonard is less than thrilled when Penny considers accepting a job offer from her ex-boyfriend, Zack. Sheldon worries that he hasn't reached his full potential soon enough.",Mark Cendrowski,"Chuck Lorre, Bill Prady, David Goetsch","Johnny Galecki, Jim Parsons, Kaley Cuoco"
10,23,The Gyroscopic Collapse,7.1,"After celebrating the completion of the top-secret Air Force project, Leonard, Sheldon and Howard get an unwelcome surprise; Amy receives an offer for a summer position at Princeton as a visiting researcher.",Anthony Rich,"Chuck Lorre, Bill Prady, Steven Molaro","Johnny Galecki, Jim Parsons, Kaley Cuoco"
10,24,The Long Distance Dissonance,8.5,"The gang become concerned when Sheldon's former admirer, Ramona Nowitzki, resurfaces while Amy is away at Princeton.",Mark Cendrowski,"Chuck Lorre, Bill Prady, Steve Holland","Johnny Galecki, Jim Parsons, Kaley Cuoco"
11,1,The Proposal Proposal,7.5,"Amy has trouble deciding whether or not she should marry Sheldon. Meanwhile, Bernadette confides in Penny when she finds out some huge news.",Mark Cendrowski,"Chuck Lorre, Bill Prady, Steve Holland","Johnny Galecki, Jim Parsons, Kaley Cuoco"
11,2,The Retraction Reaction,7.2,Leonard angers the University and the Physics Community when he gives an embarrassing radio interview. Bernadette and Amy compare their successes at work.,Mark Cendrowski,"Chuck Lorre, Bill Prady, David Goetsch","Johnny Galecki, Jim Parsons, Kaley Cuoco"
11,3,The Relaxation Integration,7.0,"Sheldon and Amy struggle with picking a wedding date. Meanwhile, Stuart and Raj fight over one of Bernadette's co-workers for a date.",Mark Cendrowski,"Chuck Lorre, Bill Prady, Maria Ferrari","Johnny Galecki, Jim Parsons, Kaley Cuoco"
11,4,The Explosion Implosion,7.1,Howard and Bernadette are disappointed when they find out the sex of the baby. Leonard is annoyed when his mother befriends Penny.,Mark Cendrowski,"Chuck Lorre, Bill Prady, Steven Molaro","Johnny Galecki, Jim Parsons, Kaley Cuoco"
11,5,The Collaboration Contamination,7.3,"Amy and Howard work in the lab together causing Sheldon, Bernadette and Raj to feel jealous and lonely. Penny starts using a parenting book to control Sheldon's behavior.",Nikki Lorre,"Chuck Lorre, Bill Prady, David Goetsch","Johnny Galecki, Jim Parsons, Kaley Cuoco"
11,6,The Proton Regeneration,7.2,"Sheldon and Wil Wheaton both go head-to-head for the role of the new Professor Proton, Meanwhile Penny takes care of Halley when Bernadette and Howard are on bed rest.",Mark Cendrowski,"Chuck Lorre, Bill Prady, Steve Holland","Johnny Galecki, Jim Parsons, Kaley Cuoco"
11,7,The Geology Methodology,7.4,"When Bert asks Sheldon to collaborate on a project with him, Sheldon becomes worried about others finding out because he thinks geology is beneath him. Raj seeks advice after reconnecting with Ruchi.",Mark Cendrowski,"Chuck Lorre, Bill Prady, Eric Kaplan","Johnny Galecki, Jim Parsons, Kaley Cuoco"
11,8,The Tesla Recoil,7.1,Howard and Leonard become upset after they discover that Sheldon has been working with the military without telling them; Bernadette asks Raj to investigate her suspicions that Ruchi is attempting to take her job away from her.,Anthony Rich,"Chuck Lorre, Bill Prady, Steve Holland","Johnny Galecki, Jim Parsons, Kaley Cuoco"
11,9,The Bitcoin Entanglement,7.7,Sheldon tries to teach the other guys a lesson after they cut him out of a potentially valuable Bitcoin investment seven years ago.,Mark Cendrowski,"Chuck Lorre, Bill Prady, David Goetsch","Johnny Galecki, Jim Parsons, Kaley Cuoco"
11,10,The Confidence Erosion,7.3,Sheldon and Amy try to eliminate stress from wedding planning by applying math to the process. Raj and Howard come to blows when Raj begins to feel like Howard hurts his confidence.,Mark Cendrowski,"Chuck Lorre, Bill Prady, Steve Holland","Johnny Galecki, Jim Parsons, Kaley Cuoco"
11,11,The Celebration Reverberation,7.1,Raj and Howard's feud continues as the gang plan Halley's first birthday party. Sheldon's surprise for Amy's birthday goes awry when they get food poisoning.,Mark Cendrowski,"Chuck Lorre, Bill Prady, David Goetsch","Johnny Galecki, Jim Parsons, Kaley Cuoco"
11,12,The Matrimonial Metric,7.4,"Sheldon and Amy pick their best-man and maid of honor by experimenting on the gang. Meanwhile, Leonard's self-confidence is still badly damaged after reading his brother's Christmas letter.",Mark Cendrowski,"Chuck Lorre, Bill Prady, Steve Holland","Johnny Galecki, Jim Parsons, Kaley Cuoco"
11,13,The Solo Oscillation,7.2,"Sheldon kicks Amy out of the apartment to work solo, and she and Leonard end up bonding during a series of science experiments; Howard is replaced by Bert in Footprints on the Moon.",Mark Cendrowski,"Chuck Lorre, Bill Prady, Eric Kaplan","Johnny Galecki, Jim Parsons, Kaley Cuoco"
11,14,The Separation Triangulation,7.2,"Raj meets a girl at the Planetarium, but soon after finds out she is married. Sheldon rents out his old room to use for his work.",Mark Cendrowski,"Chuck Lorre, Bill Prady, Steven Molaro","Johnny Galecki, Jim Parsons, Kaley Cuoco"
11,15,The Novelization Correlation,7.4,"Leonard's book raises questions, and Amy guest stars on the new Professor Proton show.",Mark Cendrowski,"Chuck Lorre, Bill Prady, Eric Kaplan","Johnny Galecki, Jim Parsons, Kaley Cuoco"
11,16,The Neonatal Nomenclature,7.1,"When Bernadette won't go into labor, the gang try different tactics to get things started. Also, Wolowitz confronts Bernadette after Amy accidentally reveals she's already chosen their son's name.",Gay Linvill,"Chuck Lorre, Bill Prady, Steve Holland","Johnny Galecki, Jim Parsons, Kaley Cuoco"
11,17,The Athenaeum Allocation,6.8,"Leonard jumps through hoops to help secure the perfect wedding venue for Sheldon and Amy. Also, Bernadette and Wolowitz have a hard time deciding who should stay at home with the kids and who should go back to work.",Mark Cendrowski,"Chuck Lorre, Bill Prady, David Goetsch","Johnny Galecki, Jim Parsons, Kaley Cuoco"
11,18,The Gates Excitation,7.1,"Leonard, Howard and Raj try to meet Bill Gates, who's meeting with Penny to merge their companies; Sheldon thinks he's the victim of an April Fool's prank.",Mark Cendrowski,"Chuck Lorre, Bill Prady, Steve Holland","Johnny Galecki, Jim Parsons, Kaley Cuoco"
11,19,The Tenant Disassociation,7.2,Leonard runs against Sheldon to be president of the tenants association; Wolowitz and Koothrappali find a drone in the backyard.,Mark Cendrowski,"Chuck Lorre, Bill Prady, David Goetsch","Johnny Galecki, Jim Parsons, Kaley Cuoco"
11,20,The Reclusive Potential,7.2,Sheldon takes the guys to a cabin in the middle of nowhere to meet a reclusive scientist; Penny and Bernadette improvise Amy's bachelorette party.,Mark Cendrowski,"Chuck Lorre, Bill Prady, Steve Holland","Johnny Galecki, Jim Parsons, Kaley Cuoco"
11,21,The Comet Polarization,7.4,Sheldon's comic book store experience changes when writer Neil Gaiman puts Stuart's store on the map; friendships are threatened when Koothrappali takes credit for Penny's astronomical discovery.,Mark Cendrowski,"Chuck Lorre, Bill Prady, Maria Ferrari","Johnny Galecki, Jim Parsons, Kaley Cuoco"
11,22,The Monetary Insufficiency,7.2,"Sheldon goes to Vegas to win money for science. Also, Penny and Bernadette take Amy wedding dress shopping, but her terrible choice entangles them in a web of lies.",Nikki Lorre,"Chuck Lorre, Bill Prady, Steve Holland","Johnny Galecki, Jim Parsons, Kaley Cuoco"
11,23,The Sibling Realignment,7.7,Sheldon and Leonard make a road trip to wrangle a reluctant wedding guest.,Mark Cendrowski,"Chuck Lorre, Bill Prady, David Goetsch","Johnny Galecki, Jim Parsons, Kaley Cuoco"
11,24,The Bow Tie Asymmetry,9.0,"When Amy's parents and Sheldon's family arrive, everybody is focused to make sure all wedding arrangements go according to plan - everyone except the bride and groom.",Mark Cendrowski,"Chuck Lorre, Bill Prady, Steve Holland","Johnny Galecki, Jim Parsons, Kaley Cuoco"
12,1,The Conjugal Configuration,7.2,"After their wedding, Amy and Sheldon go on their honeymoon.",Mark Cendrowski,"Chuck Lorre, Bill Prady, Steve Holland","Johnny Galecki, Jim Parsons, Kaley Cuoco"
12,2,The Wedding Gift Wormhole,7.6,Leonard and Penny give Sheldon and Amy a baffling wedding gift.,Mark Cendrowski,"Chuck Lorre, Bill Prady, David Goetsch","Johnny Galecki, Jim Parsons, Kaley Cuoco"
12,3,The Procreation Calculation,7.2,"The Wolowitzes' life gets complicated when Stuart starts bringing his new girlfriend home. Also, Penny and Leonard talk about starting a family while Koothrappali explores an arranged marriage.",Mark Cendrowski,"Chuck Lorre, Bill Prady, Steve Holland","Johnny Galecki, Jim Parsons, Kaley Cuoco"
12,4,The Tam Turbulence,7.0,"Sheldon won't tell anyone why he's never mentioned Tam, his childhood best friend, so Leonard takes matters into his own hands. Also, Bernadette and Penny take out Raj's fiancée, Anu, for dinner to get the skinny on her.",Mark Cendrowski,"Chuck Lorre, Bill Prady, David Goetsch","Johnny Galecki, Jim Parsons, Kaley Cuoco"
12,5,The Planetarium Collision,6.8,"Amy doesn't have time to work with Sheldon on super asymmetry, so he goes to great lengths to ensure she's available. Koothrappali doesn't want Wolowitz to join him in hosting a show at the planetarium.",Mark Cendrowski,"Chuck Lorre, Bill Prady, Steve Holland","Johnny Galecki, Jim Parsons, Kaley Cuoco"
12,6,The Imitation Perturbation,8.2,"When Wolowitz dresses up as Sheldon for Halloween, Sheldon seeks retaliation at Leonard and Penny's Halloween party. Also, Leonard is shocked that Penny doesn't remember their first kiss.",Mark Cendrowski,"Chuck Lorre, Bill Prady, Eric Kaplan","Johnny Galecki, Jim Parsons, Kaley Cuoco"
12,7,The Grant Allocation Derivation,7.3,"Leonard is caught between a rock and a hard place when he's responsible for distributing extra grant money. Also, Bernadette turns the backyard playhouse into a hideaway from her husband and kids.",Mark Cendrowski,"Chuck Lorre, Bill Prady, Steve Holland","Johnny Galecki, Jim Parsons, Kaley Cuoco"
12,8,The Consummation Deviation,7.3,"Sheldon tries to bond with Amy's father, but when Wolowitz lures Mr. Fowler away with magic tricks, Sheldon has no choice but to bond with Mrs. Fowler. Also, Koothrappali and Anu try to get physical for the first time.",Mark Cendrowski,"Chuck Lorre, Bill Prady, Eric Kaplan","Johnny Galecki, Jim Parsons, Kaley Cuoco"
12,9,The Citation Negation,7.2,Sheldon and Amy are devastated after learning from a Russian paper that super asymmetry has already been theorized and disproved. Bernadette wants to beat Howard in a popular video game.,Kristy Cecil,"Chuck Lorre, Bill Prady, Steve Holland","Johnny Galecki, Jim Parsons, Kaley Cuoco"
12,10,The VCR Illumination,7.5,A VHS tape from Sheldon's past inspires him and Amy not to give up when they're still feeling down about their theory being disproven. Bernadette turns into a pageant mom when she tries to help Howard with his Magic Castle audition.,Mark Cendrowski,"Chuck Lorre, Bill Prady, Maria Ferrari","Johnny Galecki, Jim Parsons, Kaley Cuoco"
12,11,The Paintball Scattering,7.3,"Penny and Leonard organize a paintball game, which results in mayhem when Sheldon becomes jealous of Amy. Raj catches Anu with her ex-boyfriend. Stuart doesn't want to move in with Denise.",Mark Cendrowski,"Chuck Lorre, Bill Prady, Steve Holland","Johnny Galecki, Jim Parsons, Kaley Cuoco"
12,12,The Propagation Proposition,7.1,"Penny's ex-boyfriend Zack learns that he is infertile, so he asks Leonard for help; Koothrappali attempts to mend things with his ex-fiancee Anu.",Mark Cendrowski,"Chuck Lorre, Bill Prady, Maria Ferrari","Johnny Galecki, Jim Parsons, Kaley Cuoco"
12,13,The Confirmation Polarization,7.1,"Sheldon and Amy are thrilled when their super asymmetry theory is proven by two physicists, until they try to kick Amy off the Nobel nomination. Bernadette gets one of her drugs approved and wants a reluctant Penny to head the sales team.",Mark Cendrowski,"Chuck Lorre, Bill Prady, Steve Holland","Johnny Galecki, Jim Parsons, Kaley Cuoco"
12,14,The Meteorite Manifestation,7.1,Sheldon is thrilled to help Bernadette and Howard navigate bureaucracy concerning a neighbor's non-compliant balcony until he learns they too have ignored codes. Leonard is disappointed when his friends are uninterested in his new laser.,Mark Cendrowski,"Chuck Lorre, Bill Prady, Eric Kaplan","Johnny Galecki, Jim Parsons, Kaley Cuoco"
12,15,The Donation Oscillation,7.4,"Penny tries to throw a wrench into Leonard's plan to be a sperm donor for her ex-boyfriend; Wolowitz, Bernadette, Anu and Koothrappali turn Koothrappali's canceled bachelor party into a couple's trip aboard the ""vomit comet.""",Mark Cendrowski,"Chuck Lorre, Bill Prady, Steve Holland","Johnny Galecki, Jim Parsons, Kaley Cuoco"
12,16,The D & D Vortex,7.9,"The gang finds out Wil Wheaton hosts a celebrity Dungeons and Dragons game involving William Shatner, Joe Manganiello, Kareem Abdul-Jabbar and Kevin Smith. Deception and betrayal are the path to make it to the one open seat.",Mark Cendrowski,"Chuck Lorre, Bill Prady, Eric Kaplan","Johnny Galecki, Jim Parsons, Kaley Cuoco"
12,17,The Conference Valuation,7.1,"Bernadette and Penny travel to San Diego for a pharmaceutical sales convention. Back home, Amy and the guys experiment on the Wolowitz children when Sheldon finds a book on it.",Mark Cendrowski,"Chuck Lorre, Bill Prady, Steve Holland","Johnny Galecki, Jim Parsons, Kaley Cuoco"
12,18,The Laureate Accumulation,7.1,"Rivals Pemberton and Campbell charm America on a publicity tour so Sheldon and Amy try to win over Nobel laureates Kip Thorne, George Smoot and Frances Arnold. Halley's fear of the dark causes opportunity and conflict at the Wolowitz home.",Mark Cendrowski,"Chuck Lorre, Bill Prady, David Goetsch","Johnny Galecki, Jim Parsons, Kaley Cuoco"
12,19,The Inspiration Deprivation,7.0,Contemplating what it would mean to all women if she were to win a Nobel Prize causes Amy to have a meltdown. Koothrappali and Wolowitz try to relive the good old days after Wolowitz buys a scooter that looks like the one he had years ago.,Mark Cendrowski,"Chuck Lorre, Bill Prady, Steve Holland","Johnny Galecki, Jim Parsons, Kaley Cuoco"
12,20,The Decision Reverberation,7.1,Koothrappali is worried people won't take him seriously in his own field after publishing a paper that suggests he may have discovered alien life. Leonard wants to be the principal investigator on a plasma physics study.,Mark Cendrowski,"Chuck Lorre, Bill Prady, Eric Kaplan","Johnny Galecki, Jim Parsons, Kaley Cuoco"
12,21,The Plagiarism Schism,7.3,"Kripke has proof that Dr. Pemberton plagiarized his thesis in college, and Sheldon and Amy aren't sure if they should turn him in. Wolowitz learns that Bernadette wasn't the only waitress at the Cheesecake Factory who had a crush on him.",Nikki Lorre,"Chuck Lorre, Bill Prady, Steve Holland","Johnny Galecki, Jim Parsons, Kaley Cuoco"
12,22,The Maternal Conclusion,7.9,"Leonard is pleasantly surprised when Beverly comes to visit and she's genuinely kind to him, until he finds out the real reason she's there. Also, Denise and Stuart overstay their welcome at the Wolowitz house.",Kristy Cecil,"Chuck Lorre, Bill Prady, Maria Ferrari","Johnny Galecki, Jim Parsons, Kaley Cuoco"
12,23,The Change Constant,9.0,Sheldon and Amy await big news.,Mark Cendrowski,"Chuck Lorre, Bill Prady, Steve Holland","Johnny Galecki, Jim Parsons, Kaley Cuoco"
12,24,The Stockholm Syndrome,9.5,"Bernadette and Wolowitz leave their kids for the first time; Penny and Leonard try to keep a secret; Sheldon and Amy stick together; and Koothrappali makes a new friend, as the gang travels together into an uncharted future.",Mark Cendrowski,"Chuck Lorre, Bill Prady, Steve Holland","Johnny Galecki, Jim Parsons, Kaley Cuoco"
