고급휘발유,보통휘발유,경유,실내등유,상표 URL,주유소 이름,세차장,충전소,경정비,편의점,24시영업,주소,상표
1919,1719,1699,False,https://www.opinet.co.kr/images/user/com/icon_gs.gif,지에스칼텍스㈜ 은마주유소,True,False,True,False,False,서울 강남구 영동대로 235,GS칼텍스
1899,1719,1638,False,https://www.opinet.co.kr/images/user/com/icon_hy.gif,HD현대오일뱅크㈜직영 강남셀프주유소,True,False,False,False,False,서울 강남구 도곡로 208,HD현대오일뱅크
1899,1719,1638,False,https://www.opinet.co.kr/images/user/com/icon_sk.gif,오일프러스 셀프,True,False,True,False,True,서울 강남구 남부순환로 2651 (도곡동),SK에너지
1928,1728,1589,False,https://www.opinet.co.kr/images/user/com/icon_sk.gif,(주)보성 세곡주유소,True,False,False,False,False,서울 강남구 헌릉로 731 (세곡동),SK에너지
False,1737,1609,False,https://www.opinet.co.kr/images/user/com/icon_gs.gif,방죽주유소,True,False,False,False,False,서울 강남구 밤고개로 215 (율현동),GS칼텍스
1879,1739,1638,False,https://www.opinet.co.kr/images/user/com/icon_hy.gif,HD현대오일뱅크㈜직영 도곡셀프주유소,True,False,True,False,False,서울 강남구 남부순환로 2718,HD현대오일뱅크
1969,1748,1618,False,https://www.opinet.co.kr/images/user/com/icon_hy.gif,HD현대오일뱅크㈜직영 산성셀프주유소,True,False,False,False,False,서울 강남구 헌릉로 730,HD현대오일뱅크
1914,1749,1653,1640,https://www.opinet.co.kr/images/user/com/icon_hy.gif,HD현대오일뱅크㈜직영 유진주유소,True,False,True,False,False,서울 강남구 논현로 152 (도곡동),HD현대오일뱅크
1944,1764,1658,False,https://www.opinet.co.kr/images/user/com/icon_soil.gif,(주)선진도곡주유소,True,False,True,False,False,서울 강남구 도곡로 162 (도곡동),S-OIL
2398,1768,1898,False,https://www.opinet.co.kr/images/user/com/icon_hy.gif,HD현대오일뱅크㈜직영 신사현대주유소,True,False,False,False,False,서울 강남구 도산대로 163 (신사동),HD현대오일뱅크
False,1778,1657,False,https://www.opinet.co.kr/images/user/com/icon_soil.gif,일원주유소,False,False,False,False,False,서울 강남구 양재대로55길 3 (일원동),S-OIL
False,1778,1642,False,https://www.opinet.co.kr/images/user/com/icon_sk.gif,자곡셀프주유소,True,False,False,False,False,서울 강남구 밤고개로 120 (자곡동),SK에너지
1997,1778,1657,False,https://www.opinet.co.kr/images/user/com/icon_sk.gif,(주)중앙에너비스 수서지점,True,False,False,False,False,서울 강남구 광평로 202 (수서동),SK에너지
1990,1795,1695,False,https://www.opinet.co.kr/images/user/com/icon_sk.gif,SK서광주유소,True,False,True,False,True,서울 강남구 역삼로 142,SK에너지
2025,1805,1655,False,https://www.opinet.co.kr/images/user/com/icon_soil.gif,극동유화㈜ 개나리주유소,True,False,True,False,True,서울 강남구 언주로 423 (역삼동),S-OIL
2050,1830,1750,False,https://www.opinet.co.kr/images/user/com/icon_sk.gif,대교셀프주유소,False,False,False,False,False,서울 강남구 강남대로 640 (신사동),SK에너지
2025,1845,1725,False,https://www.opinet.co.kr/images/user/com/icon_hy.gif,삼성동주유소,True,False,False,False,False,서울 강남구 테헤란로 619,HD현대오일뱅크
2027,1857,1697,False,https://www.opinet.co.kr/images/user/com/icon_sk.gif,(유)동하석유 힐탑셀프주유소,True,False,False,False,True,서울 강남구 논현로 640,SK에너지
2067,1867,1842,False,https://www.opinet.co.kr/images/user/com/icon_gs.gif,지에스칼텍스㈜에너지플러스허브GS타워,False,False,True,False,True,서울 강남구 논현로 516 (역삼동),GS칼텍스
2057,1877,1737,False,https://www.opinet.co.kr/images/user/com/icon_sk.gif,대동석유 압구정주유소,True,False,False,False,True,서울 강남구 언주로 842 (신사동),SK에너지
2295,1898,1798,1700,https://www.opinet.co.kr/images/user/com/icon_gs.gif,세진에너지(주) 개포주유소,True,False,False,False,False,서울 강남구 양재대로 339,GS칼텍스
2195,1995,1795,False,https://www.opinet.co.kr/images/user/com/icon_hy.gif,한양주유소,True,False,False,False,False,서울 강남구 압구정로 302 (신사동),HD현대오일뱅크
2259,2059,1985,False,https://www.opinet.co.kr/images/user/com/icon_gs.gif,지에스칼텍스㈜ 삼성로주유소,True,False,False,False,True,서울 강남구 삼성로 563 (삼성동),GS칼텍스
False,2266,2096,1869,https://www.opinet.co.kr/images/user/com/icon_sk.gif,대청주유소,True,False,False,False,False,서울 강남구 개포로 654 (일원동),SK에너지
2377,2278,2127,False,https://www.opinet.co.kr/images/user/com/icon_soil.gif,명품주유소,True,False,False,False,True,서울 강남구 도곡로 249 (역삼동),S-OIL
2577,2288,2098,False,https://www.opinet.co.kr/images/user/com/icon_hy.gif,㈜새서울석유 새서울주유소,True,False,False,False,True,서울 강남구 압구정로 154,HD현대오일뱅크
2588,2388,2188,1550,https://www.opinet.co.kr/images/user/com/icon_gs.gif,(주)소모 쎈트럴주유소,True,False,False,False,False,서울 강남구 삼성로 335,GS칼텍스
2670,2435,2270,1840,https://www.opinet.co.kr/images/user/com/icon_sk.gif,SK논현주유소,True,False,True,False,True,서울 강남구 논현로 747 (논현동),SK에너지
2768,2548,2290,False,https://www.opinet.co.kr/images/user/com/icon_hy.gif,(주)제이제이네트웍스 제이제이주유소,True,False,False,False,True,서울 강남구 언주로 716,HD현대오일뱅크
2860,2620,2580,1850,https://www.opinet.co.kr/images/user/com/icon_gs.gif,(주)만정에너지 삼보주유소,True,False,False,False,False,서울 강남구 봉은사로 433 (삼성동),GS칼텍스
False,1665,1549,False,https://www.opinet.co.kr/images/user/com/icon_hy.gif,재건에너지 재정제2주유소 고속셀프지점,True,False,False,False,False,서울특별시 강동구 천호대로 1246 (둔촌제2동),HD현대오일뱅크
False,1683,1567,False,https://www.opinet.co.kr/images/user/com/icon_hy.gif,구천면주유소,False,False,False,False,False,서울 강동구 구천면로 357 (암사동),HD현대오일뱅크
1895,1695,1575,False,https://www.opinet.co.kr/images/user/com/icon_sk.gif,방아다리주유소,True,False,False,False,False,서울 강동구 동남로 811 (명일동),SK에너지
1939,1739,1639,False,https://www.opinet.co.kr/images/user/com/icon_gs.gif,지에스칼텍스㈜ 동서울주유소,True,False,False,False,False,서울 강동구 천호대로 1456 (상일동),GS칼텍스
1965,1766,1628,1600,https://www.opinet.co.kr/images/user/com/icon_gs.gif,대성석유(주)길동주유소,True,False,False,False,False,서울 강동구 천호대로 1168,GS칼텍스
1976,1776,1648,1500,https://www.opinet.co.kr/images/user/com/icon_gs.gif,(주)소모 신월주유소,True,False,False,False,False,서울 강동구 양재대로 1323,GS칼텍스
1999,1789,1639,1600,https://www.opinet.co.kr/images/user/com/icon_sk.gif,sk해뜨는주유소,True,False,True,False,False,서울 강동구 상일로 132 (강일동),SK에너지
1970,1790,1670,False,https://www.opinet.co.kr/images/user/com/icon_soil.gif,(주)퍼스트오일 코알라주유소,True,False,False,False,False,서울특별시 강동구 올림픽로 556 (성내동),S-OIL
1999,1796,1658,1699,https://www.opinet.co.kr/images/user/com/icon_gs.gif,(주)삼표에너지 고덕주유소,True,False,False,True,False,서울 강동구 고덕로 39 (암사동),GS칼텍스
False,1818,1698,False,https://www.opinet.co.kr/images/user/com/icon_gs.gif,(주)소모 성내주유소,True,False,True,False,False,서울 강동구 올림픽로 578 (성내동),GS칼텍스
1934,1824,1694,False,https://www.opinet.co.kr/images/user/com/icon_sk.gif,주)지유에너지직영 오렌지주유소,True,False,True,False,False,서울 강동구 성안로 102 (성내동),SK에너지
False,1938,1793,False,https://www.opinet.co.kr/images/user/com/icon_hy.gif,천호현대주유소,True,False,True,False,False,서울 강동구 천중로 67 (천호동),HD현대오일뱅크
False,1968,1858,False,https://www.opinet.co.kr/images/user/com/icon_soil.gif,광성주유소,True,False,True,False,True,서울 강동구 올림픽로 673 (천호동),S-OIL
1849,1645,1515,False,https://www.opinet.co.kr/images/user/com/icon_hy.gif,(주)서울에너지 시민주유소,False,False,False,False,False,서울 강북구 인수봉로 185 (수유동),HD현대오일뱅크
False,1645,1515,1380,https://www.opinet.co.kr/images/user/com/icon_hy.gif,(주)석산에너지,False,False,False,False,False,서울 강북구 삼양로 316 (수유동),HD현대오일뱅크
False,1645,1515,False,https://www.opinet.co.kr/images/user/com/icon_soil.gif,덕릉로주유소,True,False,False,False,False,서울 강북구 덕릉로 158 (번동),S-OIL
1849,1645,1515,False,https://www.opinet.co.kr/images/user/com/icon_hy.gif,(주)자연에너지 번동주유소,True,False,False,False,False,서울 강북구 한천로 963 (번동),HD현대오일뱅크
False,1661,1525,False,https://www.opinet.co.kr/images/user/com/icon_gs.gif,수유동주유소,False,False,False,False,True,서울 강북구 도봉로 395 (수유동),GS칼텍스
1849,1669,1525,False,https://www.opinet.co.kr/images/user/com/icon_gs.gif,㈜지에스이앤알 미아주유소,True,False,False,False,False,서울 강북구 도봉로 122 (미아동),GS칼텍스
False,1669,1525,False,https://www.opinet.co.kr/images/user/com/icon_soil.gif,씨앤에스유통㈜ 미아셀프주유소,True,False,False,False,False,서울 강북구 도봉로 200 (미아동),S-OIL
False,1689,1557,False,https://www.opinet.co.kr/images/user/com/icon_sk.gif,SK에너지(주) 매일주유소,True,False,False,True,False,서울 강북구 삼양로 217 (미아동),SK에너지
1849,1715,1575,False,https://www.opinet.co.kr/images/user/com/icon_sk.gif,북서울고속주유소,False,False,False,False,False,서울 강북구 삼양로 410 (수유동),SK에너지
False,1729,1579,1500,https://www.opinet.co.kr/images/user/com/icon_gs.gif,대성석유(주)신광주유소,True,False,True,False,False,서울 강북구 삼양로 484,GS칼텍스
False,1624,1499,False,https://www.opinet.co.kr/images/user/com/icon_rto_new.gif,화곡역주유소,False,False,False,False,True,서울 강서구 강서로 154 (화곡동),알뜰주유소
False,1624,1499,False,https://www.opinet.co.kr/images/user/com/icon_hy.gif,이케이에너지(주) 강서주유소,True,False,True,False,False,서울 강서구 화곡로 273 (화곡동),HD현대오일뱅크
False,1634,1537,False,https://www.opinet.co.kr/images/user/com/icon_sk.gif,㈜한경에너지 신화곡주유소,True,False,False,True,True,서울 강서구 국회대로 71,SK에너지
1834,1634,1537,1450,https://www.opinet.co.kr/images/user/com/icon_gs.gif,지에스칼텍스㈜ 경인고속주유소,True,True,False,False,True,서울 강서구 국회대로 225 (화곡동),GS칼텍스
False,1634,1537,False,https://www.opinet.co.kr/images/user/com/icon_rto_new.gif,목화주유소,True,False,False,False,False,서울 강서구 국회대로 251 (화곡동),알뜰주유소
False,1644,1523,1600,https://www.opinet.co.kr/images/user/com/icon_sk.gif,(주)타이거오일 방화주유소,False,False,False,False,False,서울 강서구 방화동로 58-2,SK에너지
1915,1650,1525,False,https://www.opinet.co.kr/images/user/com/icon_soil.gif,스카이주유소,True,False,False,True,True,서울 강서구 개화동로 457 (방화동),S-OIL
1915,1650,1525,False,https://www.opinet.co.kr/images/user/com/icon_hy.gif,행촌에너지 공항주유소,True,False,True,True,True,서울 강서구 개화동로 420 (개화동),HD현대오일뱅크
1895,1652,1522,False,https://www.opinet.co.kr/images/user/com/icon_sk.gif,KH에너지㈜직영 KH외발산주유소,True,True,True,True,False,서울 강서구 방화대로 30,SK에너지
1856,1654,1524,False,https://www.opinet.co.kr/images/user/com/icon_soil.gif,피트인 하이웨이,True,False,False,False,True,서울 강서구 공항대로 432,S-OIL
False,1655,1525,False,https://www.opinet.co.kr/images/user/com/icon_sk.gif,강서오곡셀프주유소,True,False,False,False,True,서울 강서구 벌말로 254 (오곡동),SK에너지
False,1659,1535,1400,https://www.opinet.co.kr/images/user/com/icon_rto_new.gif,유턴주유소,False,False,False,False,False,서울 강서구 남부순환로 57,알뜰주유소
False,1659,1534,False,https://www.opinet.co.kr/images/user/com/icon_hy.gif,㈜오일마스터강서지점 등촌주유소,True,False,True,False,False,서울 강서구 등촌로 189,HD현대오일뱅크
False,1662,1537,False,https://www.opinet.co.kr/images/user/com/icon_rto_new.gif,뉴신정주유소,False,False,True,True,False,서울 강서구 곰달래로 207,알뜰주유소
False,1665,1535,False,https://www.opinet.co.kr/images/user/com/icon_soil.gif,씨앤에스유통(주) 마곡드림주유소,True,False,False,False,False,서울 강서구 방화대로 254(마곡동),S-OIL
False,1678,1558,1600,https://www.opinet.co.kr/images/user/com/icon_gs.gif,강서열린주유소,True,False,False,False,False,서울 강서구 등촌로 213 (등촌동),GS칼텍스
1884,1694,1543,False,https://www.opinet.co.kr/images/user/com/icon_sk.gif,KH에너지㈜직영 가양주유소,True,False,True,True,True,서울 강서구 강서로 498 (가양동),SK에너지
1899,1699,1548,False,https://www.opinet.co.kr/images/user/com/icon_gs.gif,대성석유(주) 마곡대성주유소,False,False,False,False,False,서울 강서구 강서로 457,GS칼텍스
1889,1699,1548,False,https://www.opinet.co.kr/images/user/com/icon_sk.gif,오션네트웍스(주) 서울식물원지점,False,False,False,False,False,서울 강서구 양천로 300,SK에너지
1899,1699,1568,False,https://www.opinet.co.kr/images/user/com/icon_gs.gif,대성석유(주)방화대성주유소,True,False,False,True,False,서울 강서구 양천로 176,GS칼텍스
1885,1704,1599,1489,https://www.opinet.co.kr/images/user/com/icon_hy.gif,HD현대오일뱅크㈜직영 양화교셀프주유소,True,False,False,False,False,서울 강서구 공항대로 653,HD현대오일뱅크
False,1717,1577,False,https://www.opinet.co.kr/images/user/com/icon_sk.gif,개화주유소,True,False,False,False,False,서울 강서구 양천로 57,SK에너지
1916,1718,1568,False,https://www.opinet.co.kr/images/user/com/icon_sk.gif,우장산주유소,True,False,False,False,False,서울 강서구 강서로 292,SK에너지
1916,1719,1568,1600,https://www.opinet.co.kr/images/user/com/icon_gs.gif,대성석유(주) 관문주유소,True,False,True,False,False,서울 강서구 공항대로 314,GS칼텍스
1916,1719,1568,False,https://www.opinet.co.kr/images/user/com/icon_gs.gif,대성주유소,True,False,True,False,False,서울 강서구 강서로 472,GS칼텍스
1926,1723,1586,False,https://www.opinet.co.kr/images/user/com/icon_sk.gif,화곡현대주유소,True,False,False,False,True,서울 강서구 강서로 151 (화곡동),SK에너지
False,1738,1588,False,https://www.opinet.co.kr/images/user/com/icon_sk.gif,세원제1주유소,True,False,True,False,False,서울 강서구 양천로 311 (가양동),SK에너지
1955,1759,1619,False,https://www.opinet.co.kr/images/user/com/icon_hy.gif,HD현대오일뱅크㈜직영 가양주유소,True,False,False,False,False,서울 강서구 양천로 391 (가양동),HD현대오일뱅크
False,1770,1646,False,https://www.opinet.co.kr/images/user/com/icon_soil.gif,(주)한진 김포공항제2주유소,False,False,False,False,False,서울 강서구 하늘길 112,S-OIL
False,1798,1668,1600,https://www.opinet.co.kr/images/user/com/icon_sk.gif,코리나(주)청룡주유소,True,False,False,False,False,서울 강서구 양천로 576,SK에너지
1998,1798,1658,False,https://www.opinet.co.kr/images/user/com/icon_gs.gif,박물관주유소,True,False,True,True,False,서울 강서구 양천로53길 97 (가양동),GS칼텍스
False,1897,1795,False,https://www.opinet.co.kr/images/user/com/icon_soil.gif,참솔에너지,True,False,False,False,False,서울 강서구 벌말로 281 (오곡동),S-OIL
False,2030,1858,False,https://www.opinet.co.kr/images/user/com/icon_sk.gif,염창동주유소,True,False,False,False,False,서울 강서구 양천로 720,SK에너지
1885,1638,1513,False,https://www.opinet.co.kr/images/user/com/icon_hy.gif,㈜CW창원,True,False,True,False,False,서울 관악구 과천대로 921 (남현동),HD현대오일뱅크
False,1654,1544,1400,https://www.opinet.co.kr/images/user/com/icon_rto_new.gif,(주)연우에너지 신관주유소,True,False,False,False,False,서울 관악구 신림로 290 (신림동),알뜰주유소
False,1654,1544,False,https://www.opinet.co.kr/images/user/com/icon_hy.gif,진우7주유소 ㈜준우에너지,False,False,False,False,False,서울 관악구 보라매로 41,HD현대오일뱅크
False,1659,1544,1399,https://www.opinet.co.kr/images/user/com/icon_hy.gif,HD현대오일뱅크㈜직영 문성골주유소,True,False,False,False,False,서울 관악구 문성로 97,HD현대오일뱅크
1994,1694,1594,False,https://www.opinet.co.kr/images/user/com/icon_sk.gif,(주)한유에너지 행운주유소,True,False,False,False,False,서울 관악구 남부순환로 1883 (봉천동),SK에너지
1895,1695,1595,1380,https://www.opinet.co.kr/images/user/com/icon_gs.gif,서일석유(주)락성주유소,True,False,True,False,True,서울 관악구 남부순환로 1920 (봉천동),GS칼텍스
1905,1705,1605,1380,https://www.opinet.co.kr/images/user/com/icon_sk.gif,SK에너지(주)직영 신봉천주유소,True,False,False,True,False,서울 관악구 남부순환로 1880 (봉천동),SK에너지
False,1724,1594,False,https://www.opinet.co.kr/images/user/com/icon_sk.gif,대양석유(주)직영 보라매주유소,True,False,False,False,False,서울 관악구 보라매로 26 (봉천동),SK에너지
False,1738,1628,1498,https://www.opinet.co.kr/images/user/com/icon_soil.gif,유림주유소,True,False,True,False,True,서울 관악구 신림로 176 (신림동),S-OIL
2029,1769,1628,False,https://www.opinet.co.kr/images/user/com/icon_hy.gif,HD현대오일뱅크㈜직영 관악셀프주유소,False,False,False,False,False,서울 관악구 남부순환로 1520 (신림동),HD현대오일뱅크
False,1769,1646,False,https://www.opinet.co.kr/images/user/com/icon_hy.gif,현대주유소,False,False,False,False,False,서울 관악구 난곡로 108 (신림동),HD현대오일뱅크
False,1855,1695,False,https://www.opinet.co.kr/images/user/com/icon_soil.gif,관악시몬주유소,True,False,False,False,False,서울특별시 관악구 남부순환로 1753 (봉천동),S-OIL
2099,1948,1778,False,https://www.opinet.co.kr/images/user/com/icon_gs.gif,CJ대한통운㈜ 신림주유소,True,False,False,False,False,서울 관악구 남부순환로 1515 (신림동),GS칼텍스
False,1989,1799,False,https://www.opinet.co.kr/images/user/com/icon_gs.gif,지에스칼텍스㈜ 난곡주유소,False,False,False,False,False,서울 관악구 난곡로 206,GS칼텍스
False,1645,1517,False,https://www.opinet.co.kr/images/user/com/icon_hy.gif,(주)자연에너지 중원주유소,True,False,False,False,False,서울 광진구 동일로 398 (중곡동),HD현대오일뱅크
False,1645,1517,False,https://www.opinet.co.kr/images/user/com/icon_hy.gif,(주)창원CW,True,False,False,False,False,서울 광진구 광나루로 460 (화양동),HD현대오일뱅크
1825,1645,1515,False,https://www.opinet.co.kr/images/user/com/icon_gs.gif,㈜동화오일 대원주유소,True,False,False,False,False,서울 광진구 용마산로 122 (중곡동),GS칼텍스
1844,1655,1527,False,https://www.opinet.co.kr/images/user/com/icon_soil.gif,삼호주유소,True,False,False,False,True,서울 광진구 천호대로 809 (광장동),S-OIL
1844,1655,1527,1490,https://www.opinet.co.kr/images/user/com/icon_hy.gif,HD현대오일뱅크㈜직영 능동주유소,True,False,True,False,True,서울 광진구 천호대로 584 (능동),HD현대오일뱅크
False,1660,1525,False,https://www.opinet.co.kr/images/user/com/icon_gs.gif,용마주유소,False,False,False,False,False,서울 광진구 용마산로 68 (중곡동),GS칼텍스
False,1665,1539,False,https://www.opinet.co.kr/images/user/com/icon_hy.gif,HD현대오일뱅크㈜직영 장호셀프주유소,True,False,True,False,False,서울 광진구 자양로 37,HD현대오일뱅크
1824,1665,1537,False,https://www.opinet.co.kr/images/user/com/icon_soil.gif,정해네트웍스(주)일진주유소,True,False,False,False,True,서울 광진구 동일로 413 (중곡동),S-OIL
1799,1675,1545,False,https://www.opinet.co.kr/images/user/com/icon_sk.gif,서울중앙고속주유소,False,False,False,False,False,서울 광진구 동일로 345 (중곡동),SK에너지
False,1675,1565,False,https://www.opinet.co.kr/images/user/com/icon_sk.gif,(주)장수주유소,False,False,True,False,True,서울 광진구 동일로 266 (군자동),SK에너지
1867,1675,1547,False,https://www.opinet.co.kr/images/user/com/icon_hy.gif,HD현대오일뱅크㈜직영 중곡현대주유소,True,False,False,False,False,서울 광진구 동일로 435 (중곡동),HD현대오일뱅크
2038,1768,1648,False,https://www.opinet.co.kr/images/user/com/icon_sk.gif,유니스에너지 자양주유소,True,False,False,False,False,서울 광진구 아차산로 298 (자양동),SK에너지
2127,1938,1798,1558,https://www.opinet.co.kr/images/user/com/icon_sk.gif,강평주유소,True,False,False,False,False,서울 광진구 아차산로 616,SK에너지
False,1627,1549,False,https://www.opinet.co.kr/images/user/com/icon_hy.gif,개봉주유소,True,False,False,False,False,서울 구로구 고척로 115 (개봉동),HD현대오일뱅크
1859,1627,1510,False,https://www.opinet.co.kr/images/user/com/icon_hy.gif,(주)서울에너지 궁동주유소,False,False,False,False,False,서울 구로구 오리로 1299 (궁동),HD현대오일뱅크
1859,1627,1510,False,https://www.opinet.co.kr/images/user/com/icon_hy.gif,영진주유소,False,False,False,False,False,서울 구로구 구로동로 20 (가리봉동),HD현대오일뱅크
1859,1627,1510,False,https://www.opinet.co.kr/images/user/com/icon_hy.gif,㈜자연에너지 고척주유소,True,False,False,False,False,서울 구로구 고척로 199 (고척동),HD현대오일뱅크
False,1646,1516,False,https://www.opinet.co.kr/images/user/com/icon_rto_new.gif,신성주유소,True,False,False,False,False,서울 구로구 구로동로 187 (구로제2동),알뜰주유소
1857,1647,1520,False,https://www.opinet.co.kr/images/user/com/icon_gs.gif,지에스칼텍스㈜ 개봉동주유소,True,False,False,False,True,서울 구로구 경인로 290,GS칼텍스
False,1648,1518,False,https://www.opinet.co.kr/images/user/com/icon_gs.gif,(주)한미석유구로그린주유소,True,False,True,False,False,서울 구로구 구로중앙로 76 (구로동),GS칼텍스
False,1665,1535,False,https://www.opinet.co.kr/images/user/com/icon_soil.gif,씨앤에스유통(주) 구로드림주유소,True,False,False,False,False,서울 구로구 경인로 41 (온수동),S-OIL
1885,1675,1515,False,https://www.opinet.co.kr/images/user/com/icon_gs.gif,대성산업(주)디큐브주유소,False,False,False,False,True,서울 구로구 경인로 650,GS칼텍스
False,1675,1515,False,https://www.opinet.co.kr/images/user/com/icon_soil.gif,극동유화(주) 항동주유소,True,False,False,False,False,서울 구로구 서해안로 2154 (항동),S-OIL
1849,1695,1555,False,https://www.opinet.co.kr/images/user/com/icon_sk.gif,서서울고속주유소,True,False,False,False,False,서울 구로구 경인로 150 (오류동),SK에너지
1899,1697,1567,False,https://www.opinet.co.kr/images/user/com/icon_sk.gif,SK구로주유소,True,False,False,False,False,서울 구로구 구일로 94 (구로동),SK에너지
False,1697,1567,False,https://www.opinet.co.kr/images/user/com/icon_sk.gif,구인주유소,True,False,True,True,False,서울 구로구 경인로 558 (구로동),SK에너지
1908,1729,1607,False,https://www.opinet.co.kr/images/user/com/icon_hy.gif,HD현대오일뱅크㈜직영 구로셀프주유소,True,False,True,False,True,서울 구로구 시흥대로 531,HD현대오일뱅크
1968,1768,1598,False,https://www.opinet.co.kr/images/user/com/icon_hy.gif,대원셀프주유소,True,False,False,False,False,서울 구로구 개봉로 7,HD현대오일뱅크
2158,1948,1748,False,https://www.opinet.co.kr/images/user/com/icon_hy.gif,(주)제이제이네트웍스 신구로주유소,True,False,False,False,False,서울 구로구 가마산로 293 (구로동),HD현대오일뱅크
False,1998,1798,1698,https://www.opinet.co.kr/images/user/com/icon_soil.gif,동아주유소,False,False,False,True,False,서울 구로구 도림로 91 (구로동),S-OIL
False,2290,2140,1790,https://www.opinet.co.kr/images/user/com/icon_gs.gif,구로주유소,False,False,False,False,False,서울 구로구 구로동로 137 (구로동),GS칼텍스
False,1638,1533,1450,https://www.opinet.co.kr/images/user/com/icon_sk.gif,(주)화동유업 화동주유소,True,False,False,False,False,서울 금천구 시흥대로 484,SK에너지
False,1639,1534,1400,https://www.opinet.co.kr/images/user/com/icon_rto_new.gif,(주)백운주유소,False,False,False,False,False,서울 금천구 시흥대로 282,알뜰주유소
False,1665,1535,1350,https://www.opinet.co.kr/images/user/com/icon_soil.gif,구광주유소,True,False,False,False,False,서울 금천구 서부샛길 674 (가산동),S-OIL
1885,1695,1555,False,https://www.opinet.co.kr/images/user/com/icon_gs.gif,대득에너지(금천셀프주유소),True,False,False,True,True,서울 금천구 시흥대로 81 (시흥동),GS칼텍스
1989,1696,1584,False,https://www.opinet.co.kr/images/user/com/icon_hy.gif,HD현대오일뱅크㈜직영 금천현대셀프주유소,True,False,False,False,False,서울 금천구 독산로 147 (시흥동),HD현대오일뱅크
1889,1719,1589,1380,https://www.opinet.co.kr/images/user/com/icon_sk.gif,SK에너지(주) 이가주유소,True,False,True,False,False,서울 금천구 시흥대로 441,SK에너지
1925,1725,1595,1650,https://www.opinet.co.kr/images/user/com/icon_gs.gif,지에스칼텍스(주)일신주유소,True,False,False,False,False,서울 금천구 시흥대로 118,GS칼텍스
False,1725,1595,False,https://www.opinet.co.kr/images/user/com/icon_soil.gif,백산주유소,True,False,True,False,False,서울특별시 금천구 시흥대로 174 (시흥동),S-OIL
False,1738,1615,False,https://www.opinet.co.kr/images/user/com/icon_hy.gif,HD현대오일뱅크㈜직영 남서울셀프주유소,False,False,False,False,False,서울 금천구 독산로 257 (독산동),HD현대오일뱅크
1879,1739,1599,1380,https://www.opinet.co.kr/images/user/com/icon_sk.gif,SK에너지(주) 박미주유소,True,False,False,False,False,서울 금천구 시흥대로 39-7 (시흥동),SK에너지
1889,1789,1649,False,https://www.opinet.co.kr/images/user/com/icon_hy.gif,현대오일뱅크㈜직영 금천제일주유소,True,False,False,False,False,서울 금천구 남부순환로 1410 (독산동),HD현대오일뱅크
2070,1675,1525,1600,https://www.opinet.co.kr/images/user/com/icon_hy.gif,화랑대주유소,True,False,False,False,True,서울 노원구 화랑로 483,HD현대오일뱅크
1995,1675,1545,False,https://www.opinet.co.kr/images/user/com/icon_gs.gif,이엠석유(주)배꽃나라주유소,True,False,True,False,False,서울 노원구 화랑로 466 (공릉1동),GS칼텍스
1944,1675,1575,False,https://www.opinet.co.kr/images/user/com/icon_hy.gif,(주)정건에너지직영,True,False,False,False,False,서울 노원구 노원로17길 29 (하계동),HD현대오일뱅크
1957,1695,1575,False,https://www.opinet.co.kr/images/user/com/icon_soil.gif,태릉솔밭주유소,True,False,False,False,True,서울 노원구 노원로 49 (공릉동),S-OIL
False,1725,1595,1400,https://www.opinet.co.kr/images/user/com/icon_sk.gif,삼육주유소,True,False,False,False,False,서울 노원구 화랑로 822 (공릉동),SK에너지
False,1729,1609,False,https://www.opinet.co.kr/images/user/com/icon_soil.gif,구도일주유소 불암,True,False,False,False,False,서울 노원구 한글비석로 268 (중계동),S-OIL
1980,1730,1620,1700,https://www.opinet.co.kr/images/user/com/icon_sk.gif,한신주유소,True,False,False,False,False,서울 노원구 동일로 1089 (공릉동),SK에너지
False,1749,1619,False,https://www.opinet.co.kr/images/user/com/icon_sk.gif,SK에너지㈜직영 상계주유소,True,False,False,False,False,서울 노원구 노해로 527 (상계동),SK에너지
False,1795,1670,1570,https://www.opinet.co.kr/images/user/com/icon_hy.gif,상계동주유소,False,False,True,False,False,서울 노원구 노원로26길 191 (상계동),HD현대오일뱅크
False,1798,1688,1600,https://www.opinet.co.kr/images/user/com/icon_gs.gif,(주)소모 수락산셀프주유소,False,False,False,False,False,서울 노원구 동일로 1772,GS칼텍스
False,1818,1698,False,https://www.opinet.co.kr/images/user/com/icon_soil.gif,신성주유소,True,False,False,False,True,서울 노원구 월계로 328 (월계동),S-OIL
1994,1819,1679,False,https://www.opinet.co.kr/images/user/com/icon_gs.gif,월계주유소,True,False,False,False,False,서울 노원구 월계로 252,GS칼텍스
2058,1828,1698,False,https://www.opinet.co.kr/images/user/com/icon_gs.gif,성북역주유소,True,False,False,False,False,서울특별시 노원구 광운로 95 (월계1동),GS칼텍스
False,1875,1745,False,https://www.opinet.co.kr/images/user/com/icon_gs.gif,하계삼호주유소,False,False,False,False,False,서울 노원구 공릉로 294 (하계동),GS칼텍스
False,1647,1507,False,https://www.opinet.co.kr/images/user/com/icon_hy.gif,요한주유소,True,False,False,False,False,서울 도봉구 마들로 776,HD현대오일뱅크
False,1647,1507,False,https://www.opinet.co.kr/images/user/com/icon_hy.gif,이케이에너지 주식회사,True,False,False,False,False,서울 도봉구 도봉로 941 (도봉동),HD현대오일뱅크
1905,1649,1509,False,https://www.opinet.co.kr/images/user/com/icon_soil.gif,한이에너지(주) 쌍문주유소,True,False,True,False,True,서울 도봉구 도봉로 547 (쌍문동),S-OIL
1905,1649,1509,False,https://www.opinet.co.kr/images/user/com/icon_hy.gif,(주)자연에너지 햇살주유소,True,False,False,False,False,서울 도봉구 방학로 142 (방학동),HD현대오일뱅크
False,1649,1509,1390,https://www.opinet.co.kr/images/user/com/icon_hy.gif,도봉제일주유소(주)송만에너지,False,False,False,False,False,서울 도봉구 도봉로 783 (도봉동),HD현대오일뱅크
1905,1651,1515,1450,https://www.opinet.co.kr/images/user/com/icon_gs.gif,지에스칼텍스㈜ 방학동주유소,True,False,False,False,False,서울 도봉구 방학로 186,GS칼텍스
False,1655,1515,False,https://www.opinet.co.kr/images/user/com/icon_soil.gif,(주)헨지스에너지 구도일주유소 도봉,True,False,True,False,False,서울 도봉구 도봉로 706 (방학동),S-OIL
False,1661,1525,False,https://www.opinet.co.kr/images/user/com/icon_sk.gif,삼미북부셀프주유소,True,False,False,False,True,서울 도봉구 도봉로 437 (쌍문동),SK에너지
False,1675,1545,1480,https://www.opinet.co.kr/images/user/com/icon_soil.gif,구도일주유소 파크빌,False,False,False,False,False,서울 도봉구 해등로3길 86 (창동),S-OIL
False,1675,1535,False,https://www.opinet.co.kr/images/user/com/icon_gs.gif,대성산업(주)신창주유소,True,False,False,False,True,서울 도봉구 덕릉로 267 (창동),GS칼텍스
False,1675,1515,False,https://www.opinet.co.kr/images/user/com/icon_soil.gif,극동유화(주) 대안주유소,True,False,True,False,False,서울 도봉구 마들로 574 (창동),S-OIL
2300,1775,1635,1700,https://www.opinet.co.kr/images/user/com/icon_soil.gif,오복주유소,True,False,False,False,False,서울 도봉구 방학로 43,S-OIL
2107,1797,1667,1440,https://www.opinet.co.kr/images/user/com/icon_hy.gif,HD현대오일뱅크㈜직영 영신주유소,True,False,False,False,False,서울 도봉구 방학로 151,HD현대오일뱅크
1889,1635,1507,False,https://www.opinet.co.kr/images/user/com/icon_hy.gif,(주)자연에너지 국민주유소,False,False,False,False,False,서울 동대문구 답십리로 223 (답십리동),HD현대오일뱅크
False,1645,1517,False,https://www.opinet.co.kr/images/user/com/icon_hy.gif,재정제2주유소,True,False,False,False,False,서울 동대문구 사가정로 90 (전농동),HD현대오일뱅크
False,1645,1517,1450,https://www.opinet.co.kr/images/user/com/icon_hy.gif,(주)정건에너지 배봉로지점,True,False,False,False,False,서울 동대문구 서울시립대로 108,HD현대오일뱅크
1889,1645,1517,False,https://www.opinet.co.kr/images/user/com/icon_hy.gif,재정주유소,True,False,False,False,False,서울 동대문구 전농로 121,HD현대오일뱅크
False,1655,1525,False,https://www.opinet.co.kr/images/user/com/icon_sk.gif,풍한주유소,True,False,False,False,True,서울 동대문구 안암로 168,SK에너지
1885,1675,1555,False,https://www.opinet.co.kr/images/user/com/icon_gs.gif,대성산업(주)동마장주유소,True,False,True,False,True,서울 동대문구 고산자로 405 (용두동),GS칼텍스
False,1728,1588,1540,https://www.opinet.co.kr/images/user/com/icon_sk.gif,(주)안국에너지 삼원셀프주유소,True,False,False,False,False,서울 동대문구 망우로 90 (휘경동),SK에너지
1879,1745,1595,False,https://www.opinet.co.kr/images/user/com/icon_sk.gif,동서울고속주유소,False,False,False,False,False,서울 동대문구 한천로 414,SK에너지
False,1749,1609,False,https://www.opinet.co.kr/images/user/com/icon_sk.gif,삼미상사(주)장안킹셀프주유소,True,False,False,False,False,서울 동대문구 한천로 100 (장안동),SK에너지
False,1749,1599,False,https://www.opinet.co.kr/images/user/com/icon_soil.gif,열린주유소,False,False,False,False,False,서울 동대문구 한천로 263 (휘경동),S-OIL
False,1755,1615,1700,https://www.opinet.co.kr/images/user/com/icon_sk.gif,삼영주유소,True,False,False,False,False,서울 동대문구 답십리로 258 (장안동),SK에너지
False,1755,1615,1500,https://www.opinet.co.kr/images/user/com/icon_soil.gif,홍능주유소,True,False,False,False,False,서울 동대문구 홍릉로 87,S-OIL
1844,1759,1629,False,https://www.opinet.co.kr/images/user/com/icon_hy.gif,HD현대오일뱅크㈜직영 스피드주유소,True,False,False,False,True,서울 동대문구 천호대로 453 (장안동),HD현대오일뱅크
False,1797,1698,False,https://www.opinet.co.kr/images/user/com/icon_hy.gif,한영주유소 (한화),False,False,False,False,False,서울 동대문구 망우로 38 (휘경동),HD현대오일뱅크
False,1798,1658,1600,https://www.opinet.co.kr/images/user/com/icon_soil.gif,오동나무주유소,False,False,False,False,False,서울 동대문구 한천로 81,S-OIL
1895,1658,1518,False,https://www.opinet.co.kr/images/user/com/icon_hy.gif,주식회사 새서울글로벌,True,False,False,False,True,서울 동작구 시흥대로 616 (신대방동),HD현대오일뱅크
1879,1679,1569,1450,https://www.opinet.co.kr/images/user/com/icon_gs.gif,지에스칼텍스(주) 대방주유소,False,False,False,False,False,서울 동작구 여의대방로 214,GS칼텍스
False,1689,1579,False,https://www.opinet.co.kr/images/user/com/icon_hy.gif,창원이엔지주유소,True,False,False,False,False,서울 동작구 사당로 59 (상도동),HD현대오일뱅크
2029,1724,1619,False,https://www.opinet.co.kr/images/user/com/icon_hy.gif,HD현대오일뱅크㈜직영 사당셀프주유소,True,False,False,False,True,서울 동작구 동작대로 73 (사당동),HD현대오일뱅크
1925,1725,1615,False,https://www.opinet.co.kr/images/user/com/icon_gs.gif,지에스칼텍스㈜직영 남성주유소,False,False,False,False,True,서울 동작구 동작대로 135,GS칼텍스
1934,1754,1639,False,https://www.opinet.co.kr/images/user/com/icon_hy.gif,HD현대오일뱅크㈜직영 동작주유소,True,False,False,False,False,서울 동작구 상도로 403 (상도동),HD현대오일뱅크
1899,1764,1649,False,https://www.opinet.co.kr/images/user/com/icon_hy.gif,HD현대오일뱅크㈜직영 흑석동셀프주유소,True,False,False,False,True,서울 동작구 현충로 101 (흑석동),HD현대오일뱅크
False,1799,1679,1650,https://www.opinet.co.kr/images/user/com/icon_soil.gif,매일주유소,True,False,False,False,False,서울 동작구 상도로 139 (상도동),S-OIL
False,1895,1785,False,https://www.opinet.co.kr/images/user/com/icon_sk.gif,살피재주유소,False,False,False,False,False,서울 동작구 상도로 334,SK에너지
1879,1649,1529,False,https://www.opinet.co.kr/images/user/com/icon_soil.gif,(주)타이거통상 월드컵주유소,False,False,False,False,False,서울 마포구 월드컵북로 170 (성산제2동),S-OIL
1978,1659,1569,False,https://www.opinet.co.kr/images/user/com/icon_hy.gif,청원주유소,True,False,False,False,False,서울 마포구 월드컵북로 113 (성산동),HD현대오일뱅크
False,1659,1569,1649,https://www.opinet.co.kr/images/user/com/icon_hy.gif,성산대교셀프주유소,True,False,True,False,False,서울 마포구 성산로 144,HD현대오일뱅크
False,1659,1539,False,https://www.opinet.co.kr/images/user/com/icon_sk.gif,마포시엠주유소,False,False,False,False,False,서울 마포구 월드컵북로 62,SK에너지
False,1758,1628,False,https://www.opinet.co.kr/images/user/com/icon_sk.gif,(주)안국에너지 망원동주유소,True,False,False,False,False,서울 마포구 월드컵로 119 (망원동),SK에너지
False,1779,1669,False,https://www.opinet.co.kr/images/user/com/icon_soil.gif,에쓰오일(주) 염리동주유소,True,False,False,False,False,서울 마포구 백범로 126 (염리동),S-OIL
False,1779,1669,1650,https://www.opinet.co.kr/images/user/com/icon_soil.gif,용강주유소,False,False,False,False,False,서울 마포구 토정로 258,S-OIL
1942,1792,1682,False,https://www.opinet.co.kr/images/user/com/icon_soil.gif,마포주유소,True,False,False,False,False,서울 마포구 마포대로 186,S-OIL
2199,1799,1689,1745,https://www.opinet.co.kr/images/user/com/icon_sk.gif,(주)만성상사 대흥주유소,True,False,False,False,True,서울 마포구 대흥로 61 (대흥동),SK에너지
2098,1799,1689,False,https://www.opinet.co.kr/images/user/com/icon_hy.gif,에스에스오토셀프,True,False,False,False,True,서울 마포구 서강로 76 (창전동),HD현대오일뱅크
1929,1825,1725,False,https://www.opinet.co.kr/images/user/com/icon_sk.gif,SK에너지 양지주유소,False,False,False,True,True,서울 마포구 마포대로 69 (도화동),SK에너지
1929,1829,1729,False,https://www.opinet.co.kr/images/user/com/icon_sk.gif,SK에너지(주) 안국주유소,False,False,False,False,True,서울 마포구 양화로 33,SK에너지
False,1659,1549,False,https://www.opinet.co.kr/images/user/com/icon_hy.gif,(주)가재울뉴타운주유소,False,False,False,True,False,서울 서대문구 모래내로 205,HD현대오일뱅크
False,1659,1549,False,https://www.opinet.co.kr/images/user/com/icon_soil.gif,(주)미래아스팔트 신우주유소,True,False,True,False,False,서울 서대문구 가좌로 106(홍은동),S-OIL
False,1665,1549,1800,https://www.opinet.co.kr/images/user/com/icon_hy.gif,(주)창원이엔지 홍제지점,False,False,False,False,False,서울 서대문구 통일로 455 (홍제동),HD현대오일뱅크
1915,1665,1549,False,https://www.opinet.co.kr/images/user/com/icon_gs.gif,지에스칼텍스(주)홍제동주유소,True,False,False,False,False,서울 서대문구 통일로 372,GS칼텍스
1899,1669,1569,False,https://www.opinet.co.kr/images/user/com/icon_soil.gif,㈜한화미 구도일주유소 두꺼비,True,False,True,False,False,서울 서대문구 성산로 312,S-OIL
1889,1674,1589,False,https://www.opinet.co.kr/images/user/com/icon_hy.gif,HD현대오일뱅크㈜직영 연세주유소,True,False,False,False,False,서울 서대문구 연희로 184,HD현대오일뱅크
False,1678,1568,False,https://www.opinet.co.kr/images/user/com/icon_gs.gif,남정주유소,False,False,False,False,False,서울 서대문구 모래내로 243 (남가좌동),GS칼텍스
1898,1698,1579,False,https://www.opinet.co.kr/images/user/com/icon_sk.gif,(주)안국에너지 삼보셀프주유소,True,False,True,False,False,서울 서대문구 연희로 78 (연희동),SK에너지
1998,1718,1598,False,https://www.opinet.co.kr/images/user/com/icon_sk.gif,중앙에너비스 동교지점,False,False,False,True,False,서울 서대문구 연희로 12 (창천동),SK에너지
1947,1728,1579,False,https://www.opinet.co.kr/images/user/com/icon_sk.gif,행촌제2주유소,True,False,False,True,True,서울 서대문구 성산로 490 (대신동),SK에너지
False,1739,1659,1650,https://www.opinet.co.kr/images/user/com/icon_soil.gif,㈜우남에너지 문화사랑주유소,True,False,False,False,False,서울 서대문구 세검정로 87,S-OIL
1995,1745,1635,False,https://www.opinet.co.kr/images/user/com/icon_sk.gif,연희주유소,True,False,False,True,False,서울 서대문구 연희로 129 (연희동 89-7번지),SK에너지
False,1745,1635,False,https://www.opinet.co.kr/images/user/com/icon_sk.gif,광호주유소,True,False,False,False,False,서울 서대문구 연희로 266 (홍은동),SK에너지
False,1654,1519,False,https://www.opinet.co.kr/images/user/com/icon_rtx_new.gif,만남의광장주유소,False,True,False,True,True,서울 서초구 양재대로12길 73-71,알뜰(ex)
1885,1685,1565,1580,https://www.opinet.co.kr/images/user/com/icon_soil.gif,씨앤에스유통㈜ 내곡드림주유소,True,False,False,False,False,서울 서초구 헌릉로 177 (내곡동),S-OIL
False,1695,1595,False,https://www.opinet.co.kr/images/user/com/icon_sk.gif,(주)대농석유 남태령주유소,True,False,False,False,False,서울 서초구 과천대로 838 (방배동),SK에너지
1889,1698,1649,False,https://www.opinet.co.kr/images/user/com/icon_hy.gif,HD현대오일뱅크㈜직영 사평로주유소,True,False,False,False,False,서울 서초구 사평대로 350 (서초동),HD현대오일뱅크
1899,1699,1569,False,https://www.opinet.co.kr/images/user/com/icon_gs.gif,에너지 플러스 허브 내곡,True,True,False,False,True,서울 서초구 헌릉로 210,GS칼텍스
False,1714,1584,False,https://www.opinet.co.kr/images/user/com/icon_soil.gif,양재최고주유소,True,False,False,False,False,서울 서초구 매헌로 72 (양재동),S-OIL
1899,1716,1636,False,https://www.opinet.co.kr/images/user/com/icon_gs.gif,말죽거리주유소,False,False,False,False,False,서울 서초구 남부순환로 2650,GS칼텍스
1945,1725,1595,False,https://www.opinet.co.kr/images/user/com/icon_gs.gif,(주)한미석유 서초주유소,False,False,False,False,False,서울 서초구 반포대로 64 (서초동),GS칼텍스
1925,1725,1615,False,https://www.opinet.co.kr/images/user/com/icon_gs.gif,지에스칼텍스(주)선천주유소,True,False,False,False,False,서울 서초구 동작대로 206 (방배동),GS칼텍스
1928,1728,1659,False,https://www.opinet.co.kr/images/user/com/icon_gs.gif,에너지플러스허브 삼방주유소,True,False,False,False,True,서울 서초구 사평대로 364 (서초동),GS칼텍스
1935,1735,1625,False,https://www.opinet.co.kr/images/user/com/icon_gs.gif,대성산업(주)직영 강남주유소,False,False,False,False,False,서울 서초구 반포대로 284 (반포동),GS칼텍스
1955,1735,1605,False,https://www.opinet.co.kr/images/user/com/icon_gs.gif,서초꽃마을주유소,False,False,False,False,False,서울 서초구 반포대로 69 (서초동),GS칼텍스
1980,1735,1645,False,https://www.opinet.co.kr/images/user/com/icon_gs.gif,한독주유소,False,False,False,False,False,서울 서초구 방배로 218 (방배동),GS칼텍스
1955,1735,1575,False,https://www.opinet.co.kr/images/user/com/icon_soil.gif,극동유화(주) 전당앞주유소,True,True,True,False,False,서울 서초구 남부순환로 2391 (서초동),S-OIL
1980,1735,1645,False,https://www.opinet.co.kr/images/user/com/icon_sk.gif,신반포주유소,True,False,False,False,True,서울 서초구 사평대로 94 (반포동),SK에너지
1938,1738,1669,False,https://www.opinet.co.kr/images/user/com/icon_gs.gif,반포그린주유소,True,False,False,False,False,서울 서초구 서초중앙로 239,GS칼텍스
1956,1739,1625,1600,https://www.opinet.co.kr/images/user/com/icon_gs.gif,대성석유(주)연일주유소,True,False,False,True,False,서울 서초구 남부순환로 2451,GS칼텍스
False,1743,1637,False,https://www.opinet.co.kr/images/user/com/icon_sk.gif,태봉셀프주유소,True,False,True,False,False,서울 서초구 태봉로 117 (우면동),SK에너지
1966,1746,1655,False,https://www.opinet.co.kr/images/user/com/icon_soil.gif,에쓰오일(주)직영 오토테크주유소,True,False,True,False,False,서울특별시 서초구 효령로 356 (서초동),S-OIL
1955,1755,1655,1650,https://www.opinet.co.kr/images/user/com/icon_gs.gif,대성산업(주)직영 터미널(고속)주유소,True,False,False,False,True,서울 서초구 신반포로 222 (반포동),GS칼텍스
1874,1755,1656,False,https://www.opinet.co.kr/images/user/com/icon_hy.gif,HD현대오일뱅크㈜직영 팔레스주유소,False,False,False,False,True,서울 서초구 사평대로 136 (반포동),HD현대오일뱅크
1914,1756,1654,False,https://www.opinet.co.kr/images/user/com/icon_sk.gif,양재주유소,True,False,False,False,True,서울 서초구 바우뫼로 178,SK에너지
1928,1773,1653,1620,https://www.opinet.co.kr/images/user/com/icon_hy.gif,HD현대오일뱅크㈜직영 방배현대주유소,True,False,True,False,False,서울 서초구 동작대로 182 (방배동),HD현대오일뱅크
1934,1776,1674,1570,https://www.opinet.co.kr/images/user/com/icon_hy.gif,HD현대오일뱅크㈜직영 양재현대주유소,True,False,False,False,False,서울 서초구 마방로 6,HD현대오일뱅크
1917,1777,1677,False,https://www.opinet.co.kr/images/user/com/icon_sk.gif,대신석유(주)대우주유소,True,False,False,True,True,서울 서초구 양재대로 173 (양재동),SK에너지
1978,1778,1642,False,https://www.opinet.co.kr/images/user/com/icon_soil.gif,서초우면산주유소,True,False,False,False,False,서울 서초구 양재대로2길 100-30,S-OIL
1959,1782,1678,False,https://www.opinet.co.kr/images/user/com/icon_hy.gif,HD현대오일뱅크㈜직영 서초제일주유소,True,False,False,False,False,서울 서초구 사임당로 116,HD현대오일뱅크
2020,1820,1789,False,https://www.opinet.co.kr/images/user/com/icon_gs.gif,지에스칼텍스(주)남서울주유소,True,False,False,True,True,서울 서초구 나루터로 83 (잠원동),GS칼텍스
False,1893,1796,False,https://www.opinet.co.kr/images/user/com/icon_sk.gif,방배동주유소,True,False,False,False,False,서울 서초구 효령로 29,SK에너지
2168,2068,1968,False,https://www.opinet.co.kr/images/user/com/icon_sk.gif,대신석유㈜서원주유소,True,False,False,False,False,서울 서초구 반포대로 142 (서초동),SK에너지
2468,2258,1998,1780,https://www.opinet.co.kr/images/user/com/icon_hy.gif,(주)선문에너지 중앙주유소,True,False,False,False,False,서울특별시 서초구 바우뫼로 219 (양재1동),HD현대오일뱅크
1820,1605,1477,False,https://www.opinet.co.kr/images/user/com/icon_hy.gif,㈜성동에너지,True,False,False,False,False,서울 성동구 천호대로 392,HD현대오일뱅크
False,1605,1477,False,https://www.opinet.co.kr/images/user/com/icon_soil.gif,(주)서울에너지 직영,True,False,False,False,True,서울 성동구 천호대로 324 (용답동),S-OIL
False,1668,1558,False,https://www.opinet.co.kr/images/user/com/icon_pb.gif,정호주유소,False,False,False,False,False,서울 성동구 고산자로 307 (마장동),자가상표
1819,1669,1549,False,https://www.opinet.co.kr/images/user/com/icon_sk.gif,SK에너지(주) 군자동주유소,True,False,False,False,True,서울특별시 성동구 천호대로 446 (용답동),SK에너지
False,1675,1545,False,https://www.opinet.co.kr/images/user/com/icon_hy.gif,KLP제2주유소,False,False,False,False,False,서울 성동구 동일로 249 (송정동),HD현대오일뱅크
1955,1678,1572,False,https://www.opinet.co.kr/images/user/com/icon_hy.gif,HD현대오일뱅크㈜직영 효진주유소,True,False,False,False,True,서울 성동구 동일로 129,HD현대오일뱅크
1882,1682,1573,False,https://www.opinet.co.kr/images/user/com/icon_gs.gif,동일주유소,True,False,True,False,False,서울 성동구 광나루로 254 (성수동2가),GS칼텍스
1933,1683,1573,False,https://www.opinet.co.kr/images/user/com/icon_sk.gif,KH에너지㈜직영 성수만세주유소,True,False,False,False,False,서울 성동구 왕십리로 109,SK에너지
1933,1683,1573,1744,https://www.opinet.co.kr/images/user/com/icon_gs.gif,지에스칼텍스㈜ 도루코주유소,True,False,True,False,True,서울 성동구 아차산로 180,GS칼텍스
1898,1708,1578,False,https://www.opinet.co.kr/images/user/com/icon_soil.gif,아이콘주유소,True,False,False,False,True,서울 성동구 고산자로 273 (도선동),S-OIL
1945,1757,1597,False,https://www.opinet.co.kr/images/user/com/icon_hy.gif,HD현대오일뱅크㈜직영 성동셀프주유소,True,False,False,False,False,서울 성동구 마장로 311 (마장동),HD현대오일뱅크
1929,1779,1679,False,https://www.opinet.co.kr/images/user/com/icon_sk.gif,SK에너지(주) 성수주유소,True,False,False,False,False,서울 성동구 뚝섬로 352,SK에너지
2060,1798,1680,False,https://www.opinet.co.kr/images/user/com/icon_sk.gif,SK세원2주유소,True,False,True,False,False,서울 성동구 광나루로 184,SK에너지
2235,1995,1863,1700,https://www.opinet.co.kr/images/user/com/icon_gs.gif,금호주유소,True,False,False,False,False,서울 성동구 금호로 39 (금호동4가),GS칼텍스
False,2195,2095,1795,https://www.opinet.co.kr/images/user/com/icon_sk.gif,청계로주유소,True,False,False,False,False,서울 성동구 청계천로 454 (하왕십리동),SK에너지
2521,2268,2077,False,https://www.opinet.co.kr/images/user/com/icon_gs.gif,(주)옥수하이웨이스테이션,False,False,False,False,False,서울 성동구 독서당로 168 (옥수동),GS칼텍스
False,1643,1523,False,https://www.opinet.co.kr/images/user/com/icon_gs.gif,㈜원천주유소,False,False,False,False,False,서울 성북구 돌곶이로 142,GS칼텍스
False,1645,1525,False,https://www.opinet.co.kr/images/user/com/icon_hy.gif,(주)성북주유소,True,False,False,False,False,서울 성북구 보문로 142,HD현대오일뱅크
1849,1645,1525,1500,https://www.opinet.co.kr/images/user/com/icon_gs.gif,(주)삼표에너지 정릉주유소,True,False,True,False,False,서울 성북구 보국문로 35 (정릉동),GS칼텍스
1849,1645,1525,False,https://www.opinet.co.kr/images/user/com/icon_hy.gif,이케이에너지(주) 강산제2주유소,True,False,False,False,False,서울 성북구 보국문로 52,HD현대오일뱅크
False,1645,1525,1380,https://www.opinet.co.kr/images/user/com/icon_gs.gif,이케이에너지㈜ 강산주유소,True,False,False,False,True,서울 성북구 보문로 27 (보문동7가),GS칼텍스
False,1645,1525,False,https://www.opinet.co.kr/images/user/com/icon_soil.gif,신방주유소,False,False,False,False,False,서울 성북구 안암로 111 (안암동5가),S-OIL
1915,1645,1525,False,https://www.opinet.co.kr/images/user/com/icon_soil.gif,㈜스마일에너지 신동방주유소,False,False,False,False,False,서울 성북구 월계로 84 (장위동),S-OIL
1905,1655,1525,False,https://www.opinet.co.kr/images/user/com/icon_gs.gif,지에스칼텍스(주) 종암주유소,True,False,False,False,True,서울 성북구 종암로 145 (종암동),GS칼텍스
False,1655,1525,False,https://www.opinet.co.kr/images/user/com/icon_sk.gif,중앙에너비스 종암지점,True,False,False,False,True,서울 성북구 종암로 58,SK에너지
1879,1655,1535,False,https://www.opinet.co.kr/images/user/com/icon_hy.gif,HD현대오일뱅크㈜직영 고대셀프주유소,True,False,False,False,False,서울 성북구 종암로 12 (종암동),HD현대오일뱅크
1889,1665,1545,False,https://www.opinet.co.kr/images/user/com/icon_hy.gif,HD현대오일뱅크㈜직영 북악셀프주유소,True,False,False,False,False,서울 성북구 정릉로 218 (정릉동),HD현대오일뱅크
False,1674,1544,False,https://www.opinet.co.kr/images/user/com/icon_soil.gif,장위주유소,True,False,False,False,True,서울 성북구 화랑로 110 (하월곡동),S-OIL
1882,1675,1544,1520,https://www.opinet.co.kr/images/user/com/icon_sk.gif,SK에너지(주) 드림랜드주유소,False,False,False,False,False,서울 성북구 월계로 128 (장위동),SK에너지
False,1675,1535,False,https://www.opinet.co.kr/images/user/com/icon_hy.gif,장삼 쌍둥이 주유소,True,False,False,False,False,서울 성북구 한천로 612 (장위동),HD현대오일뱅크
False,1684,1555,False,https://www.opinet.co.kr/images/user/com/icon_sk.gif,우리주유소,True,False,True,False,True,서울 성북구 화랑로 292,SK에너지
1989,1693,1598,False,https://www.opinet.co.kr/images/user/com/icon_soil.gif,동일주유소,True,False,False,False,False,서울특별시 성북구 보문로 85 (보문동5가),S-OIL
1985,1695,1565,False,https://www.opinet.co.kr/images/user/com/icon_gs.gif,㈜명연에너지 효성주유소,True,False,False,False,True,서울 성북구 화랑로 27,GS칼텍스
1963,1723,1583,1470,https://www.opinet.co.kr/images/user/com/icon_soil.gif,(주)신용 구도일주유소화랑로,True,False,True,False,False,서울 성북구 화랑로 174,S-OIL
False,1739,1619,1526,https://www.opinet.co.kr/images/user/com/icon_gs.gif,지에스칼텍스㈜ 화랑주유소,False,False,False,False,False,서울 성북구 화랑로 185,GS칼텍스
2015,1785,1655,False,https://www.opinet.co.kr/images/user/com/icon_hy.gif,HD현대오일뱅크㈜직영 아리랑주유소,True,False,False,False,False,서울 성북구 아리랑로 96,HD현대오일뱅크
2050,1798,1684,False,https://www.opinet.co.kr/images/user/com/icon_soil.gif,삼선주유소,True,False,False,False,False,서울 성북구 창경궁로 324,S-OIL
False,1899,1699,False,https://www.opinet.co.kr/images/user/com/icon_hy.gif,아이에스피시그넷㈜ 서울북부고속주유소,False,False,False,False,False,서울 성북구 삼양로 78,HD현대오일뱅크
2191,1935,1809,1546,https://www.opinet.co.kr/images/user/com/icon_gs.gif,지에스칼텍스㈜ 세창주유소,False,False,False,False,False,서울 성북구 동소문로 323,GS칼텍스
1893,1693,1573,False,https://www.opinet.co.kr/images/user/com/icon_sk.gif,한강에너지(주)퍼스트주유소,True,False,True,False,True,서울 송파구 삼학사로 22 (석촌동),SK에너지
False,1693,1573,False,https://www.opinet.co.kr/images/user/com/icon_hy.gif,㈜지에스이앤알 송파제일주유소,True,False,True,False,True,서울 송파구 삼학사로 50 (석촌동),HD현대오일뱅크
1893,1693,1573,False,https://www.opinet.co.kr/images/user/com/icon_gs.gif,송파스마일주유소,False,False,True,False,False,서울 송파구 송이로 28,GS칼텍스
1903,1703,1583,False,https://www.opinet.co.kr/images/user/com/icon_gs.gif,삼화주유소,False,False,False,False,True,서울 송파구 백제고분로 125,GS칼텍스
1903,1703,1583,False,https://www.opinet.co.kr/images/user/com/icon_gs.gif,(주)삼표에너지 아시아주유소,True,False,False,False,False,서울 송파구 도곡로 438 (잠실동),GS칼텍스
1893,1713,1613,False,https://www.opinet.co.kr/images/user/com/icon_soil.gif,(주)잠실에너지,True,False,True,False,True,서울 송파구 송파대로 442 (송파동),S-OIL
False,1713,1593,False,https://www.opinet.co.kr/images/user/com/icon_sk.gif,(주)신화에너지 서울지점,True,False,True,False,True,서울 송파구 가락로 47 (석촌동),SK에너지
1898,1713,1583,1560,https://www.opinet.co.kr/images/user/com/icon_hy.gif,HD현대오일뱅크㈜직영 잠실셀프주유소,False,False,False,False,True,서울 송파구 송파대로 397,HD현대오일뱅크
False,1715,1588,1450,https://www.opinet.co.kr/images/user/com/icon_soil.gif,상아주유소,True,False,False,False,False,서울 송파구 거마로 82,S-OIL
1923,1723,1613,1500,https://www.opinet.co.kr/images/user/com/icon_gs.gif,(주)삼표에너지 훼미리주유소,True,False,False,False,False,서울 송파구 중대로 58,GS칼텍스
False,1723,1593,False,https://www.opinet.co.kr/images/user/com/icon_soil.gif,위례제일주유소 (주)버드에너지,True,False,False,False,False,서울 송파구 위례서로 260,S-OIL
1923,1723,1593,False,https://www.opinet.co.kr/images/user/com/icon_soil.gif,위례드림주유소,True,False,False,False,True,서울시 송파구 위례중앙로 10,S-OIL
1923,1723,1593,False,https://www.opinet.co.kr/images/user/com/icon_gs.gif,지에스칼텍스(주)가든파이브주유소,True,False,False,False,True,서울 송파구 탄천동로 740,GS칼텍스
False,1723,1593,1600,https://www.opinet.co.kr/images/user/com/icon_sk.gif,남성대주유소,True,False,True,False,True,서울 송파구 송파대로 52 (장지동),SK에너지
1923,1723,1593,False,https://www.opinet.co.kr/images/user/com/icon_gs.gif,지에스칼텍스(주)스마트위례주유소,True,False,False,False,False,서울 송파구 위례중앙로 43 (장지동),GS칼텍스
1895,1725,1625,False,https://www.opinet.co.kr/images/user/com/icon_hy.gif,(주)정직한주유소,True,False,False,False,False,서울 송파구 오금로 455 (거여동),HD현대오일뱅크
False,1730,1630,1550,https://www.opinet.co.kr/images/user/com/icon_soil.gif,(주)퍼스트오일서울주유소,False,False,False,False,False,서울 송파구 문정로 153,S-OIL
False,1734,1630,False,https://www.opinet.co.kr/images/user/com/icon_hy.gif,제트라인DM주유소,False,False,True,False,False,서울 송파구 중대로 183 (가락동),HD현대오일뱅크
False,1738,1628,1450,https://www.opinet.co.kr/images/user/com/icon_sk.gif,대성주유소,True,False,False,False,False,서울 송파구 마천로 230,SK에너지
1982,1741,1641,False,https://www.opinet.co.kr/images/user/com/icon_sk.gif,완불주유소,True,False,False,False,True,서울 송파구 송파대로 3,SK에너지
1922,1742,1638,1500,https://www.opinet.co.kr/images/user/com/icon_gs.gif,(주)삼표에너지 우리주유소,True,False,False,False,False,서울 송파구 동남로 153,GS칼텍스
False,1742,1644,False,https://www.opinet.co.kr/images/user/com/icon_sk.gif,(주)유진주유소,True,False,False,False,False,서울 송파구 동남로 325 (오금동),SK에너지
1958,1757,1657,1550,https://www.opinet.co.kr/images/user/com/icon_gs.gif,대성석유(주)석촌주유소,False,False,True,False,False,서울 송파구 백제고분로 289,GS칼텍스
False,1787,1674,False,https://www.opinet.co.kr/images/user/com/icon_sk.gif,방이주유소,True,False,True,False,False,서울 송파구 위례성대로12길 38 (방이동),SK에너지
1913,1787,1674,False,https://www.opinet.co.kr/images/user/com/icon_sk.gif,백제고분로주유소,True,False,True,True,True,서울 송파구 오금로 143 (방이동),SK에너지
1929,1789,1679,False,https://www.opinet.co.kr/images/user/com/icon_hy.gif,HD현대오일뱅크㈜직영 올림픽셀프주유소,True,False,True,False,True,서울 송파구 위례성대로 188 (오금동),HD현대오일뱅크
False,1793,1683,False,https://www.opinet.co.kr/images/user/com/icon_hy.gif,(유)호림플러스홀딩스 남성주유소,True,False,False,False,False,서울 송파구 백제고분로 474,HD현대오일뱅크
2068,1968,1868,False,https://www.opinet.co.kr/images/user/com/icon_sk.gif,대신석유(주)진양주유소,True,False,False,False,False,서울 송파구 올림픽로 499 (풍납동),SK에너지
False,1634,1537,False,https://www.opinet.co.kr/images/user/com/icon_hy.gif,양천구주유소,True,False,True,False,True,서울 양천구 국회대로 275,HD현대오일뱅크
1869,1637,1519,False,https://www.opinet.co.kr/images/user/com/icon_hy.gif,현대오일뱅크(주)직영 양천셀프주유소,True,False,False,False,False,서울 양천구 목동로 17,HD현대오일뱅크
1965,1638,1513,False,https://www.opinet.co.kr/images/user/com/icon_gs.gif,플라트(주)서호주유소,True,False,True,False,False,서울 양천구 남부순환로 317,GS칼텍스
False,1638,1513,False,https://www.opinet.co.kr/images/user/com/icon_soil.gif,현대주유소,True,False,False,False,False,서울 양천구 남부순환로 372 (신월동),S-OIL
1965,1638,1530,False,https://www.opinet.co.kr/images/user/com/icon_hy.gif,HD현대오일뱅크㈜직영 남부순환셀프주유소,True,False,False,True,True,서울 양천구 남부순환로 553 (신월동),HD현대오일뱅크
False,1644,1529,False,https://www.opinet.co.kr/images/user/com/icon_sk.gif,(주)타이거오일 신정주유소,False,False,False,False,False,서울 양천구 중앙로 226 (신정동),SK에너지
False,1644,1514,1400,https://www.opinet.co.kr/images/user/com/icon_gs.gif,신월주유소,False,False,False,False,False,서울 양천구 신월로 193 (신월동),GS칼텍스
False,1646,1508,False,https://www.opinet.co.kr/images/user/com/icon_gs.gif,㈜지에스이앤알 서울주유소,True,False,False,False,False,서울 양천구 신정로 236 (신정동),GS칼텍스
False,1648,1523,False,https://www.opinet.co.kr/images/user/com/icon_sk.gif,개나리Self주유소,True,False,True,False,False,서울 양천구 남부순환로 442 (신월동),SK에너지
False,1662,1535,False,https://www.opinet.co.kr/images/user/com/icon_sk.gif,가로공원주유소,True,False,False,False,True,서울 양천구 가로공원로 165 (신월동),SK에너지
False,1664,1549,False,https://www.opinet.co.kr/images/user/com/icon_sk.gif,삼미상사(주)신월IC셀프주유소,False,False,True,False,False,서울 양천구 중앙로 331 (신월동),SK에너지
1975,1689,1579,False,https://www.opinet.co.kr/images/user/com/icon_hy.gif,형산석유(주)원주유소,True,False,True,False,False,서울 양천구 남부순환로 408,HD현대오일뱅크
False,1696,1567,False,https://www.opinet.co.kr/images/user/com/icon_hy.gif,현대오일뱅크(주)직영 양정주유소,False,False,False,False,False,서울 양천구 국회대로 158 (신정동),HD현대오일뱅크
False,1696,1570,1550,https://www.opinet.co.kr/images/user/com/icon_sk.gif,SK에너지(주) 경인주유소,True,False,False,False,False,서울 양천구 국회대로 170 (신정동),SK에너지
False,1699,1579,False,https://www.opinet.co.kr/images/user/com/icon_hy.gif,신정동주유소,True,False,False,True,False,서울 양천구 안양천로 663 (신정동),HD현대오일뱅크
1903,1704,1597,False,https://www.opinet.co.kr/images/user/com/icon_gs.gif,(주)삼표에너지 목동주유소,True,False,False,False,False,서울 양천구 목동서로 129 (목동),GS칼텍스
1904,1704,1597,1588,https://www.opinet.co.kr/images/user/com/icon_gs.gif,지에스칼텍스㈜ 건지주유소,True,True,False,False,False,서울 양천구 안양천로 1171 (목동),GS칼텍스
1889,1710,1583,1390,https://www.opinet.co.kr/images/user/com/icon_sk.gif,SK에너지㈜ 신평,True,False,True,False,False,서울 양천구 목동남로 62,SK에너지
False,1724,1614,False,https://www.opinet.co.kr/images/user/com/icon_hy.gif,현대오일뱅크㈜직영 목동셀프주유소,False,False,False,False,False,서울 양천구 공항대로 648 (목동),HD현대오일뱅크
1904,1724,1619,False,https://www.opinet.co.kr/images/user/com/icon_hy.gif,현대오일뱅크(주)직영 양천현대셀프주유소,True,True,True,False,True,서울 양천구 안양천로 1179 (목동),HD현대오일뱅크
False,1724,1619,False,https://www.opinet.co.kr/images/user/com/icon_sk.gif,목동주유소,True,False,False,False,False,서울 양천구 목동중앙로 125 (목동),SK에너지
False,1749,1619,1370,https://www.opinet.co.kr/images/user/com/icon_hy.gif,(주)서부트럭터미날,True,False,False,False,False,서울 양천구 신정로 167 (신정동),HD현대오일뱅크
False,1844,1689,1690,https://www.opinet.co.kr/images/user/com/icon_sk.gif,신양주유소,True,False,False,False,False,서울 양천구 지양로 67,SK에너지
2058,1859,1744,False,https://www.opinet.co.kr/images/user/com/icon_hy.gif,현대오일뱅크(주)직영 신목동셀프주유소,True,False,True,False,False,서울 양천구 목동동로10길 13,HD현대오일뱅크
1818,1648,1518,1318,https://www.opinet.co.kr/images/user/com/icon_hy.gif,(주)강서오일,False,False,False,False,True,서울 영등포구 도신로 151,HD현대오일뱅크
1799,1648,1518,False,https://www.opinet.co.kr/images/user/com/icon_sk.gif,남서울고속주유소,True,False,False,False,False,서울 영등포구 가마산로 367 (대림동),SK에너지
False,1648,1518,False,https://www.opinet.co.kr/images/user/com/icon_hy.gif,(주)MS오일,True,False,False,False,False,서울 영등포구 대림로 230,HD현대오일뱅크
False,1648,1518,False,https://www.opinet.co.kr/images/user/com/icon_rto_new.gif,도림주유소,False,False,True,False,False,서울 영등포구 도림로 343 (도림동),알뜰주유소
False,1648,1518,False,https://www.opinet.co.kr/images/user/com/icon_soil.gif,성락주유소,True,False,False,False,False,서울 영등포구 가마산로 414 (신길동),S-OIL
False,1648,1518,False,https://www.opinet.co.kr/images/user/com/icon_sk.gif,행촌주유소,True,False,False,True,True,서울 영등포구 도신로 130 (신길동),SK에너지
False,1648,1518,False,https://www.opinet.co.kr/images/user/com/icon_gs.gif,(주)대청에너지 대청주유소,True,False,True,False,True,서울 영등포구 가마산로 328 (대림동),GS칼텍스
False,1648,1518,False,https://www.opinet.co.kr/images/user/com/icon_hy.gif,영등포제일셀프주유소,True,False,True,False,False,서울 영등포구 가마산로 379,HD현대오일뱅크
1868,1658,1518,False,https://www.opinet.co.kr/images/user/com/icon_sk.gif,한경석유(주)경덕주유소,True,False,False,False,False,서울 영등포구 여의대방로23길 2 (신길동),SK에너지
1868,1668,1538,1450,https://www.opinet.co.kr/images/user/com/icon_gs.gif,지에스칼텍스㈜ 신길주유소,True,False,False,False,True,서울 영등포구 신길로 74 (신길동),GS칼텍스
1869,1669,1528,False,https://www.opinet.co.kr/images/user/com/icon_gs.gif,㈜지에스이앤알 보라주유소,True,False,False,False,False,서울 영등포구 영등포로 399 (신길동),GS칼텍스
False,1669,1528,False,https://www.opinet.co.kr/images/user/com/icon_gs.gif,㈜지에스이앤알 모드니주유소,True,False,False,False,False,서울 영등포구 경인로 789,GS칼텍스
1894,1694,1569,1520,https://www.opinet.co.kr/images/user/com/icon_gs.gif,지에스칼텍스㈜ 화일주유소,False,False,False,False,False,서울 영등포구 도림로 415,GS칼텍스
1869,1694,1565,1450,https://www.opinet.co.kr/images/user/com/icon_sk.gif,SK에너지(주) 신길동주유소,True,False,False,False,False,서울 영등포구 영등포로 348 (신길동),SK에너지
1938,1694,1554,False,https://www.opinet.co.kr/images/user/com/icon_soil.gif,씨앤에스유통(주) 한일주유소,True,False,False,False,False,서울 영등포구 도림로 486 (문래동3가),S-OIL
1935,1695,1575,False,https://www.opinet.co.kr/images/user/com/icon_soil.gif,씨앤에스유통 한성주유소,False,False,False,False,False,서울 영등포구 여의대방로 227,S-OIL
1879,1698,1574,1400,https://www.opinet.co.kr/images/user/com/icon_hy.gif,HD현대오일뱅크㈜직영 대일셀프주유소,False,False,False,False,False,서울 영등포구 영등포로 168,HD현대오일뱅크
False,1724,1616,False,https://www.opinet.co.kr/images/user/com/icon_sk.gif,SK에너지(주) 양평주유소,True,False,False,False,True,서울 영등포구 선유로 195 (양평동3가),SK에너지
False,1724,1616,False,https://www.opinet.co.kr/images/user/com/icon_gs.gif,(주)한미석유 제2한강주유소,True,False,False,False,False,서울 영등포구 선유로 260 (양평동4가),GS칼텍스
False,1734,1626,False,https://www.opinet.co.kr/images/user/com/icon_soil.gif,선유도주유소,True,False,False,False,False,서울 영등포구 양평로 141 (양평동5가),S-OIL
1899,1758,1649,False,https://www.opinet.co.kr/images/user/com/icon_sk.gif,SK에너지(주) 기린주유소,True,False,False,True,True,서울 영등포구 선유로 270,SK에너지
2198,1799,1689,False,https://www.opinet.co.kr/images/user/com/icon_hy.gif,국회대로주유소,True,False,False,False,False,서울 영등포구 국회대로 746 (여의도동),HD현대오일뱅크
2275,2095,1998,1700,https://www.opinet.co.kr/images/user/com/icon_gs.gif,성원이앤에스(주)영등포지점,False,False,False,False,False,서울 영등포구 국회대로52길 9-13 (영등포동7가),GS칼텍스
2295,2185,2045,1640,https://www.opinet.co.kr/images/user/com/icon_sk.gif,버드나룻길주유소,True,False,False,False,False,서울 영등포구 버드나루로 111 (당산동),SK에너지
2310,2195,2189,False,https://www.opinet.co.kr/images/user/com/icon_sk.gif,KH에너지㈜직영 KH여의도주유소,True,False,False,False,False,서울 영등포구 국회대로 794 (여의도동),SK에너지
2410,2255,2195,1750,https://www.opinet.co.kr/images/user/com/icon_gs.gif,SJ오일(주) 여의도주유소,True,True,False,True,True,서울 영등포구 은행로 64,GS칼텍스
1939,1669,1599,False,https://www.opinet.co.kr/images/user/com/icon_hy.gif,HD현대오일뱅크㈜직영 강변현대주유소,True,False,True,False,False,서울 용산구 원효로 9 (청암동),HD현대오일뱅크
1959,1689,1599,False,https://www.opinet.co.kr/images/user/com/icon_hy.gif,HD현대오일뱅크(주)직영 소월길주유소,True,False,False,False,False,서울 용산구 소월로 66 (후암동),HD현대오일뱅크
1969,1699,1599,1579,https://www.opinet.co.kr/images/user/com/icon_hy.gif,HD현대오일뱅크㈜직영 갈월동주유소,True,False,True,False,False,서울특별시 용산구 한강대로 322 (남영동),HD현대오일뱅크
1969,1699,1599,1650,https://www.opinet.co.kr/images/user/com/icon_sk.gif,동자동주유소,True,False,False,False,False,서울 용산구 한강대로104길 6 (동자동),SK에너지
2389,1798,1698,False,https://www.opinet.co.kr/images/user/com/icon_hy.gif,HD현대오일뱅크㈜직영 한남동주유소,True,False,True,False,False,서울 용산구 한남대로 204 (한남동),HD현대오일뱅크
2298,2099,1988,1750,https://www.opinet.co.kr/images/user/com/icon_gs.gif,(주)영원 풍기주유소,False,False,False,True,False,서울 용산구 원효로 178 (원효로2가),GS칼텍스
2405,2186,2089,1657,https://www.opinet.co.kr/images/user/com/icon_sk.gif,(주)남경주유소,True,False,True,False,True,서울 용산구 녹사평대로11길 24,SK에너지
2393,2189,2057,1593,https://www.opinet.co.kr/images/user/com/icon_sk.gif,(주)신태성주유소,True,False,False,False,False,서울 용산구 원효로 147 (원효로3가),SK에너지
2497,2297,2197,False,https://www.opinet.co.kr/images/user/com/icon_sk.gif,한남지점,False,False,False,False,False,서울 용산구 한남대로21길 4 (한남동),SK에너지
2497,2297,2197,False,https://www.opinet.co.kr/images/user/com/icon_sk.gif,에너비스,True,False,False,False,False,서울 용산구 한남대로 82 (한남동),SK에너지
2502,2310,2192,False,https://www.opinet.co.kr/images/user/com/icon_sk.gif,한석주유소,True,False,False,False,True,서울 용산구 이촌로 164,SK에너지
1898,1644,1504,False,https://www.opinet.co.kr/images/user/com/icon_hy.gif,불광주유소,True,False,False,False,False,서울 은평구 연서로 314,HD현대오일뱅크
False,1644,1504,False,https://www.opinet.co.kr/images/user/com/icon_sk.gif,박석고개주유소,True,False,False,False,True,서울 은평구 통일로 945 (갈현동),SK에너지
False,1644,1534,1600,https://www.opinet.co.kr/images/user/com/icon_sk.gif,타이거주유소,True,False,False,False,False,서울 은평구 수색로 188 (증산동),SK에너지
False,1644,1504,False,https://www.opinet.co.kr/images/user/com/icon_soil.gif,㈜한화미 구파발주유소,False,False,False,False,False,서울 은평구 통일로 1031,S-OIL
False,1649,1544,False,https://www.opinet.co.kr/images/user/com/icon_soil.gif,㈜오일닷컴 다회주유소,False,False,False,False,False,서울 은평구 증산로 441,S-OIL
1839,1653,1543,False,https://www.opinet.co.kr/images/user/com/icon_hy.gif,(주)아이에스피에너지(서울서부고속주유소),False,False,False,False,False,서울 은평구 응암로 163,HD현대오일뱅크
1904,1654,1544,False,https://www.opinet.co.kr/images/user/com/icon_gs.gif,지에스칼텍스(주)수색뉴타운주유소,True,False,False,False,False,서울 은평구 수색로 350 (수색동),GS칼텍스
1914,1659,1554,1452,https://www.opinet.co.kr/images/user/com/icon_gs.gif,지에스칼텍스㈜ 서부주유소,True,False,True,False,False,서울 은평구 응암로 210 (응암동),GS칼텍스
1909,1659,1554,1454,https://www.opinet.co.kr/images/user/com/icon_gs.gif,지에스칼텍스㈜ 신사제일주유소,True,False,False,False,True,서울 은평구 증산로 423 (신사동),GS칼텍스
1844,1674,1504,1449,https://www.opinet.co.kr/images/user/com/icon_hy.gif,(주)디오티디 은평유니콘주유소,True,False,False,False,False,서울 은평구 통일로 1151 (진관동),HD현대오일뱅크
1915,1685,1545,False,https://www.opinet.co.kr/images/user/com/icon_gs.gif,대성산업㈜ 대성주유소,True,False,False,False,True,서울 은평구 통일로 642,GS칼텍스
False,1685,1585,False,https://www.opinet.co.kr/images/user/com/icon_hy.gif,(주)명연에너지 수색훼미리주유소,True,False,False,False,False,서울 은평구 수색로 236 (수색동),HD현대오일뱅크
1925,1695,1565,False,https://www.opinet.co.kr/images/user/com/icon_gs.gif,성원이앤에스(주)은평지점,True,False,False,False,False,서울 은평구 통일로 968 (진관동),GS칼텍스
False,1715,1585,1495,https://www.opinet.co.kr/images/user/com/icon_sk.gif,㈜삼호에너지 은평뉴타운셀프주유소,True,False,True,False,False,서울 은평구 통일로 924 (불광동),SK에너지
False,1783,1653,False,https://www.opinet.co.kr/images/user/com/icon_pb.gif,코끼리주유소,True,False,False,False,False,서울 은평구 서오릉로 41 (녹번동),자가상표
False,1674,1579,False,https://www.opinet.co.kr/images/user/com/icon_hy.gif,HD현대오일뱅크㈜직영 재동주유소,False,False,False,False,False,서울 종로구 율곡로 58 (경운동),HD현대오일뱅크
2055,1675,1575,False,https://www.opinet.co.kr/images/user/com/icon_sk.gif,(주)중앙에너비스 혜화주유소,False,False,False,False,False,서울 종로구 창경궁로35길 1,SK에너지
1949,1719,1659,False,https://www.opinet.co.kr/images/user/com/icon_hy.gif,㈜지에스이앤알 평창주유소,True,False,False,False,False,서울 종로구 평창문화로 135 (평창동),HD현대오일뱅크
2059,1839,1719,False,https://www.opinet.co.kr/images/user/com/icon_soil.gif,안풍주유소,True,False,False,False,False,서울 종로구 자하문로 303,S-OIL
2055,1845,1715,False,https://www.opinet.co.kr/images/user/com/icon_sk.gif,자하문주유소,True,False,False,False,False,서울 종로구 자하문로 248 (부암동),SK에너지
2070,1850,1720,1600,https://www.opinet.co.kr/images/user/com/icon_soil.gif,구도일주유소특종,True,False,False,False,False,서울 종로구 평창문화로 90 (평창동),S-OIL
2089,1889,1799,False,https://www.opinet.co.kr/images/user/com/icon_gs.gif,㈜북악주유소,True,False,False,False,False,서울 종로구 평창문화로 137,GS칼텍스
2575,2375,2195,1800,https://www.opinet.co.kr/images/user/com/icon_gs.gif,(주)대양씨앤씨 사직주유소,False,False,False,False,False,서울 종로구 사직로 65,GS칼텍스
1949,1739,1609,1600,https://www.opinet.co.kr/images/user/com/icon_soil.gif,다산주유소,False,False,False,False,False,서울 중구 다산로 233,S-OIL
False,1795,1665,False,https://www.opinet.co.kr/images/user/com/icon_soil.gif,장충드림주유소,True,False,False,False,False,서울 중구 동호로 296,S-OIL
1997,1797,1678,False,https://www.opinet.co.kr/images/user/com/icon_sk.gif,약수주유소,True,False,True,False,True,서울 중구 다산로 173,SK에너지
2098,1888,1778,1600,https://www.opinet.co.kr/images/user/com/icon_hy.gif,HD현대오일뱅크㈜직영 장원주유소,False,False,False,False,False,서울 중구 동호로 203 (신당동),HD현대오일뱅크
1999,1944,1884,False,https://www.opinet.co.kr/images/user/com/icon_sk.gif,SK에너지(주) 퇴계로주유소,False,False,False,False,False,서울 중구 퇴계로 228 (필동2가),SK에너지
2438,2138,1998,False,https://www.opinet.co.kr/images/user/com/icon_sk.gif,장충주유소,True,False,False,False,True,서울 중구 장충단로 202 (장충동1가),SK에너지
2348,2148,1998,1650,https://www.opinet.co.kr/images/user/com/icon_sk.gif,신당동주유소,True,False,False,False,True,서울 중구 다산로 242 (신당동),SK에너지
2789,2539,2409,1809,https://www.opinet.co.kr/images/user/com/icon_gs.gif,필동주유소,False,False,False,False,True,서울 중구 퇴계로 196,GS칼텍스
3156,2756,2632,2179,https://www.opinet.co.kr/images/user/com/icon_sk.gif,서남주유소,True,False,False,False,True,서울 중구 통일로 30,SK에너지
False,1643,1515,False,https://www.opinet.co.kr/images/user/com/icon_gs.gif,우림주유소,True,False,False,False,False,서울 중랑구 용마산로 487 (망우제3동),GS칼텍스
1885,1644,1517,1580,https://www.opinet.co.kr/images/user/com/icon_gs.gif,대양주유소,True,False,False,False,False,서울 중랑구 봉우재로 105 (상봉동),GS칼텍스
1889,1645,1517,False,https://www.opinet.co.kr/images/user/com/icon_gs.gif,대원주유소,True,False,False,False,False,서울 중랑구 동일로 600,GS칼텍스
1889,1645,1517,False,https://www.opinet.co.kr/images/user/com/icon_hy.gif,(주)자연에너지 대창주유소,False,False,False,False,False,서울 중랑구 동일로 636 (면목동),HD현대오일뱅크
False,1645,1517,False,https://www.opinet.co.kr/images/user/com/icon_soil.gif,구도일주유소 동천,True,False,False,False,False,서울 중랑구 동일로 654 (면목동),S-OIL
False,1645,1517,False,https://www.opinet.co.kr/images/user/com/icon_sk.gif,면목SELF주유소,True,False,True,False,False,서울 중랑구 동일로 627 (면목동),SK에너지
False,1657,1527,False,https://www.opinet.co.kr/images/user/com/icon_soil.gif,오천만주유소,True,False,False,False,False,서울 중랑구 동일로 547 (면목동),S-OIL
1877,1687,1567,False,https://www.opinet.co.kr/images/user/com/icon_soil.gif,(주)태영 구도일주유소 한인,True,False,True,False,False,서울 중랑구 망우로 170,S-OIL
False,1729,1569,1600,https://www.opinet.co.kr/images/user/com/icon_soil.gif,범아주유소,True,False,True,False,False,서울 중랑구 동일로 881,S-OIL
False,1739,1598,1500,https://www.opinet.co.kr/images/user/com/icon_sk.gif,신내주유소,True,False,False,False,False,서울 중랑구 용마산로 705 (신내동),SK에너지
False,1758,1658,1600,https://www.opinet.co.kr/images/user/com/icon_sk.gif,용마로주유소,True,False,False,False,False,서울 중랑구 용마산로 309 (면목동),SK에너지
False,1798,1698,1590,https://www.opinet.co.kr/images/user/com/icon_sk.gif,신일셀프주유소,True,False,True,False,True,서울 중랑구 상봉로 58 (망우동),SK에너지
